Time,Bid,Ask
2005-02-25,10.92,11.78
2005-02-28,11.73,12.5
2005-03-01,11.66,12.1
2005-03-02,12.2,12.91
2005-03-03,12.23,13.07
2005-03-04,11.94,12.5
2005-03-07,12.05,12.6
2005-03-08,11.95,12.5
2005-03-09,12.2,12.72
2005-03-10,12.42,12.97
2005-03-11,12.11,12.98
2005-03-14,12.36,12.99
2005-03-15,12.33,13.22
2005-03-16,13.19,13.81
2005-03-17,13.2,13.67
2005-03-18,13.08,13.67
2005-03-21,13.33,13.98
2005-03-22,13.15,14.28
2005-03-23,13.88,14.89
2005-03-24,12.97,13.88
2005-03-28,13.44,14.01
2005-03-29,13.38,14.68
2005-03-30,13.64,14.47
2005-03-31,13.57,14.1
2005-04-01,12.92,14.38
2005-04-04,13.96,14.76
2005-04-05,13.66,14.11
2005-04-06,12.89,13.76
2005-04-07,12.3,12.96
2005-04-08,11.52,12.65
2005-04-11,11.82,12.46
2005-04-12,11.2,12.83
2005-04-13,11.27,13.44
2005-04-14,12.67,14.6
2005-04-15,14.71,18.05
2005-04-18,16.41,18.59
2005-04-19,14.81,15.97
2005-04-20,14.52,17.25
2005-04-21,14.26,16.22
2005-04-22,14.2,16.32
2005-04-25,14.6,15.47
2005-04-26,14.27,15.15
2005-04-27,14.43,15.93
2005-04-28,14.19,16.87
2005-04-29,15.26,16.92
2005-05-02,15.08,16.01
2005-05-03,14.53,15.31
2005-05-04,13.7,15.38
2005-05-05,13.43,15.82
2005-05-06,13.11,14.06
2005-05-09,13.53,14.56
2005-05-10,14.03,15.11
2005-05-11,14.31,15.8
2005-05-12,14.16,16.23
2005-05-13,15.4,17.7
2005-05-16,15.67,16.87
2005-05-17,14.45,16.21
2005-05-18,13.3,14.13
2005-05-19,13.25,14.02
2005-05-20,13.07,13.73
2005-05-23,12.75,13.45
2005-05-24,12.53,13.3
2005-05-25,12.58,13.11
2005-05-26,11.65,12.38
2005-05-27,12.06,12.43
2005-05-31,12.67,13.45
2005-06-01,12.17,13.34
2005-06-02,11.8,12.43
2005-06-03,11.52,12.49
2005-06-06,12.21,13.0
2005-06-07,11.47,12.43
2005-06-08,12.05,12.83
2005-06-09,12.06,13.07
2005-06-10,11.9,12.4
2005-06-13,11.31,12.12
2005-06-14,11.52,12.02
2005-06-15,11.05,11.96
2005-06-16,11.04,11.36
2005-06-17,10.78,11.64
2005-06-20,11.31,12.53
2005-06-21,11.01,11.67
2005-06-22,10.81,11.31
2005-06-23,10.96,12.13
2005-06-24,11.95,12.32
2005-06-27,12.38,12.78
2005-06-28,11.55,12.31
2005-06-29,11.44,11.78
2005-06-30,11.5,12.1
2005-07-01,11.38,11.92
2005-07-05,11.53,12.41
2005-07-06,11.54,12.33
2005-07-07,12.48,13.92
2005-07-08,11.09,12.29
2005-07-11,10.53,11.41
2005-07-12,10.85,11.37
2005-07-13,10.8,11.44
2005-07-14,10.5,11.13
2005-07-15,10.13,10.9
2005-07-18,10.77,11.09
2005-07-19,10.36,10.79
2005-07-20,9.88,10.94
2005-07-21,10.23,11.21
2005-07-22,10.51,11.05
2005-07-25,10.7,11.28
2005-07-26,10.92,11.25
2005-07-27,10.34,11.03
2005-07-28,10.27,10.58
2005-07-29,10.24,11.73
2005-08-01,11.36,12.23
2005-08-02,11.69,12.03
2005-08-03,11.62,12.01
2005-08-04,11.99,12.57
2005-08-05,11.82,12.92
2005-08-08,12.56,13.29
2005-08-09,12.24,12.78
2005-08-10,11.51,12.56
2005-08-11,11.88,12.94
2005-08-12,12.18,12.98
2005-08-15,12.08,12.99
2005-08-16,12.28,13.89
2005-08-17,12.78,13.76
2005-08-18,13.01,13.88
2005-08-19,12.61,13.85
2005-08-22,13.2,13.89
2005-08-23,13.3,14.05
2005-08-24,13.0,14.18
2005-08-25,13.66,14.12
2005-08-26,13.65,14.2
2005-08-29,13.38,14.41
2005-08-30,13.47,14.18
2005-08-31,12.56,13.63
2005-09-01,12.31,13.37
2005-09-02,13.03,13.72
2005-09-06,12.9,14.18
2005-09-07,12.44,13.2
2005-09-08,12.37,12.94
2005-09-09,11.96,12.65
2005-09-12,11.45,11.89
2005-09-13,11.75,12.48
2005-09-14,12.67,13.26
2005-09-15,12.28,13.17
2005-09-16,11.07,11.93
2005-09-19,12.04,12.46
2005-09-20,11.83,12.96
2005-09-21,12.96,13.91
2005-09-22,13.31,14.39
2005-09-23,12.75,13.88
2005-09-26,12.64,13.47
2005-09-27,12.51,13.46
2005-09-28,12.37,12.98
2005-09-29,12.15,13.23
2005-09-30,11.92,12.44
2005-10-03,11.98,12.62
2005-10-04,12.11,13.21
2005-10-05,12.97,14.58
2005-10-06,14.04,15.63
2005-10-07,14.3,14.82
2005-10-10,14.87,15.61
2005-10-11,15.06,15.7
2005-10-12,15.04,16.27
2005-10-13,15.98,17.19
2005-10-14,14.83,16.03
2005-10-17,14.58,15.3
2005-10-18,14.79,15.4
2005-10-19,13.47,15.86
2005-10-20,13.98,16.19
2005-10-21,15.26,16.27
2005-10-24,14.61,16.44
2005-10-25,14.2,15.3
2005-10-26,13.72,14.88
2005-10-27,14.57,16.3
2005-10-28,14.11,15.61
2005-10-31,13.93,15.39
2005-11-01,14.65,15.66
2005-11-02,13.38,14.99
2005-11-03,12.5,13.23
2005-11-04,12.69,13.62
2005-11-07,12.76,13.65
2005-11-08,13.04,13.61
2005-11-09,12.42,13.36
2005-11-10,11.73,13.17
2005-11-11,11.63,11.96
2005-11-14,11.77,12.34
2005-11-15,11.7,12.69
2005-11-16,12.17,12.68
2005-11-17,11.25,12.2
2005-11-18,10.96,11.67
2005-11-21,10.71,11.38
2005-11-22,10.5,11.1
2005-11-23,10.67,11.03
2005-11-25,10.88,11.24
2005-11-28,11.33,11.99
2005-11-29,11.61,11.96
2005-11-30,11.55,12.13
2005-12-01,11.14,12.23
2005-12-02,10.94,11.23
2005-12-05,11.4,11.68
2005-12-06,10.96,11.59
2005-12-07,11.45,12.44
2005-12-08,11.73,12.41
2005-12-09,11.56,12.2
2005-12-12,10.83,11.81
2005-12-13,10.57,11.42
2005-12-14,10.39,10.79
2005-12-15,10.37,11.11
2005-12-16,10.15,10.75
2005-12-19,10.65,11.38
2005-12-20,11.0,11.45
2005-12-21,10.34,11.07
2005-12-22,10.28,10.89
2005-12-23,10.24,10.48
2005-12-27,10.83,11.65
2005-12-28,11.26,11.64
2005-12-29,11.14,11.67
2005-12-30,11.55,12.07
2006-01-03,10.99,12.51
2006-01-04,10.97,11.71
2006-01-05,11.31,11.84
2006-01-06,10.81,11.5
2006-01-09,10.98,11.35
2006-01-10,10.84,11.39
2006-01-11,10.83,11.16
2006-01-12,10.94,11.38
2006-01-13,11.11,11.61
2006-01-17,11.87,12.46
2006-01-18,12.2,12.7
2006-01-19,11.65,12.34
2006-01-20,11.89,14.56
2006-01-23,13.58,14.48
2006-01-24,13.14,13.83
2006-01-25,12.62,13.38
2006-01-26,12.19,12.91
2006-01-27,11.72,12.33
2006-01-30,12.07,12.46
2006-01-31,12.45,13.06
2006-02-01,12.34,13.03
2006-02-02,12.48,13.47
2006-02-03,12.64,13.7
2006-02-06,12.99,13.43
2006-02-07,12.97,13.67
2006-02-08,12.76,13.61
2006-02-09,12.27,13.15
2006-02-10,12.69,13.73
2006-02-13,13.05,13.7
2006-02-14,12.01,13.15
2006-02-15,12.21,12.95
2006-02-16,11.13,12.29
2006-02-17,11.52,12.21
2006-02-21,12.28,12.64
2006-02-22,11.68,12.3
2006-02-23,11.58,11.97
2006-02-24,11.42,12.06
2006-02-27,11.4,11.83
2006-02-28,11.71,12.36
2006-03-01,11.52,12.07
2006-03-02,11.56,11.95
2006-03-03,11.36,12.1
2006-03-06,12.22,12.91
2006-03-07,12.64,13.34
2006-03-08,12.26,13.34
2006-03-09,12.01,12.69
2006-03-10,11.79,12.6
2006-03-13,10.89,11.75
2006-03-14,10.53,11.72
2006-03-15,10.98,11.54
2006-03-16,10.57,12.05
2006-03-17,11.53,12.2
2006-03-20,10.79,12.21
2006-03-21,11.17,11.89
2006-03-22,11.11,11.79
2006-03-23,11.11,11.57
2006-03-24,11.09,11.48
2006-03-27,11.41,11.72
2006-03-28,11.38,11.9
2006-03-29,10.79,11.57
2006-03-30,10.7,11.73
2006-03-31,11.27,11.65
2006-04-03,11.03,11.62
2006-04-04,11.09,11.8
2006-04-05,11.06,11.36
2006-04-06,11.25,11.74
2006-04-07,11.2,12.31
2006-04-10,12.04,12.49
2006-04-11,12.06,13.06
2006-04-12,12.66,13.09
2006-04-13,12.28,13.0
2006-04-17,12.27,13.02
2006-04-18,11.31,12.55
2006-04-19,11.23,11.8
2006-04-20,11.02,11.67
2006-04-21,11.19,11.98
2006-04-24,11.67,12.42
2006-04-25,11.59,12.19
2006-04-26,11.34,11.79
2006-04-27,11.55,12.52
2006-04-28,11.42,12.13
2006-05-01,11.75,12.59
2006-05-02,11.93,12.27
2006-05-03,11.95,12.45
2006-05-04,11.71,12.16
2006-05-05,11.18,11.62
2006-05-08,11.81,12.06
2006-05-09,11.88,12.15
2006-05-10,11.78,12.32
2006-05-11,11.99,12.92
2006-05-12,12.71,14.26
2006-05-15,13.44,15.13
2006-05-16,12.98,13.61
2006-05-17,13.39,16.26
2006-05-18,14.96,17.09
2006-05-19,15.9,18.01
2006-05-22,16.73,19.62
2006-05-23,15.36,18.26
2006-05-24,17.13,19.87
2006-05-25,15.31,16.67
2006-05-26,14.26,15.04
2006-05-30,15.39,18.72
2006-05-31,16.41,18.09
2006-06-01,14.48,16.56
2006-06-02,13.92,14.97
2006-06-05,14.97,17.14
2006-06-06,16.65,18.56
2006-06-07,16.07,17.86
2006-06-08,17.88,20.75
2006-06-09,17.07,18.45
2006-06-12,17.89,21.25
2006-06-13,20.27,23.81
2006-06-14,21.45,23.49
2006-06-15,15.65,21.14
2006-06-16,16.52,18.13
2006-06-19,15.73,18.1
2006-06-20,16.39,17.65
2006-06-21,14.88,16.72
2006-06-22,15.56,16.66
2006-06-23,14.94,16.58
2006-06-26,15.49,16.61
2006-06-27,15.27,16.55
2006-06-28,15.78,17.0
2006-06-29,12.93,15.3
2006-06-30,12.74,13.47
2006-07-03,12.77,13.51
2006-07-05,13.86,14.77
2006-07-06,13.25,14.04
2006-07-07,13.43,14.45
2006-07-10,13.67,14.5
2006-07-11,13.1,14.68
2006-07-12,13.26,14.85
2006-07-13,15.17,17.83
2006-07-14,17.28,18.79
2006-07-17,17.75,18.76
2006-07-18,17.66,19.58
2006-07-19,14.47,17.62
2006-07-20,14.87,16.37
2006-07-21,16.23,17.56
2006-07-24,14.89,17.08
2006-07-25,14.31,15.68
2006-07-26,14.09,15.21
2006-07-27,14.07,15.39
2006-07-28,14.06,14.75
2006-07-31,14.86,15.13
2006-08-01,15.03,16.15
2006-08-02,13.92,14.93
2006-08-03,14.2,15.19
2006-08-04,13.65,14.91
2006-08-07,14.97,15.53
2006-08-08,14.86,15.55
2006-08-09,14.07,15.41
2006-08-10,14.45,15.73
2006-08-11,14.3,14.85
2006-08-14,13.41,14.43
2006-08-15,13.15,13.72
2006-08-16,12.11,12.95
2006-08-17,12.21,12.72
2006-08-18,11.57,12.52
2006-08-21,12.21,12.62
2006-08-22,11.93,12.42
2006-08-23,12.16,12.73
2006-08-24,12.21,12.58
2006-08-25,12.08,12.47
2006-08-28,12.07,12.92
2006-08-29,12.21,12.83
2006-08-30,12.1,12.35
2006-08-31,12.07,12.33
2006-09-01,11.91,12.33
2006-09-05,12.43,12.86
2006-09-06,13.06,13.88
2006-09-07,13.67,14.49
2006-09-08,13.05,13.8
2006-09-11,12.75,13.95
2006-09-12,11.55,13.14
2006-09-13,10.99,11.56
2006-09-14,10.74,12.02
2006-09-15,11.4,12.54
2006-09-18,11.58,12.41
2006-09-19,11.86,12.69
2006-09-20,11.34,11.75
2006-09-21,11.28,12.6
2006-09-22,12.47,13.28
2006-09-25,11.93,13.41
2006-09-26,11.51,12.23
2006-09-27,11.42,11.9
2006-09-28,11.59,12.06
2006-09-29,11.72,12.1
2006-10-02,12.11,12.72
2006-10-03,11.97,12.91
2006-10-04,11.62,12.64
2006-10-05,11.65,12.06
2006-10-06,11.55,12.17
2006-10-09,11.58,12.09
2006-10-10,11.47,11.89
2006-10-11,11.31,12.03
2006-10-12,11.09,11.51
2006-10-13,10.75,11.35
2006-10-16,10.91,11.2
2006-10-17,11.35,12.03
2006-10-18,11.33,11.83
2006-10-19,10.78,11.57
2006-10-20,10.44,11.23
2006-10-23,10.62,11.25
2006-10-24,10.78,11.27
2006-10-25,10.6,10.88
2006-10-26,10.47,10.96
2006-10-27,10.53,10.99
2006-10-30,10.92,11.43
2006-10-31,10.99,11.39
2006-11-01,10.89,11.68
2006-11-02,11.41,11.76
2006-11-03,10.34,11.43
2006-11-06,10.99,11.41
2006-11-07,10.87,11.19
2006-11-08,10.7,11.49
2006-11-09,10.57,11.07
2006-11-10,10.77,11.12
2006-11-13,10.69,11.26
2006-11-14,10.14,11.31
2006-11-15,10.13,10.61
2006-11-16,10.04,10.35
2006-11-17,10.05,10.48
2006-11-20,9.91,10.48
2006-11-21,9.84,10.06
2006-11-22,9.81,10.15
2006-11-24,10.56,10.86
2006-11-27,11.14,12.33
2006-11-28,11.56,12.55
2006-11-29,10.67,11.43
2006-11-30,10.58,11.3
2006-12-01,10.96,12.28
2006-12-04,10.98,12.01
2006-12-05,10.85,11.59
2006-12-06,11.19,11.55
2006-12-07,11.17,12.68
2006-12-08,11.91,12.67
2006-12-11,10.71,11.93
2006-12-12,10.35,11.39
2006-12-13,10.15,10.58
2006-12-14,9.64,10.75
2006-12-15,9.39,10.07
2006-12-18,10.46,10.91
2006-12-19,10.27,11.31
2006-12-20,10.03,10.33
2006-12-21,10.13,10.89
2006-12-22,10.59,11.46
2006-12-26,11.24,12.03
2006-12-27,10.59,11.12
2006-12-28,10.73,11.06
2006-12-29,10.71,11.65
2007-01-03,11.53,12.75
2007-01-04,11.28,12.42
2007-01-05,11.68,12.25
2007-01-08,11.78,12.83
2007-01-09,11.69,12.47
2007-01-10,11.43,12.5
2007-01-11,10.5,11.48
2007-01-12,10.14,10.93
2007-01-16,10.4,10.89
2007-01-17,10.35,10.9
2007-01-18,10.45,11.04
2007-01-19,10.24,11.03
2007-01-22,10.62,11.08
2007-01-23,10.22,10.94
2007-01-24,9.87,10.41
2007-01-25,9.95,11.38
2007-01-26,10.92,11.6
2007-01-29,10.92,11.6
2007-01-30,10.95,11.49
2007-01-31,10.27,11.26
2007-02-01,10.14,10.43
2007-02-02,9.96,10.36
2007-02-05,10.44,10.7
2007-02-06,10.44,10.88
2007-02-07,10.24,10.56
2007-02-08,10.4,10.91
2007-02-09,10.25,11.56
2007-02-12,11.3,11.88
2007-02-13,10.33,11.42
2007-02-14,9.7,10.26
2007-02-15,10.05,10.32
2007-02-16,9.98,10.44
2007-02-20,10.14,10.72
2007-02-21,10.17,10.53
2007-02-22,10.01,10.52
2007-02-23,10.36,10.7
2007-02-26,10.52,11.44
2007-02-27,12.1,19.01
2007-02-28,14.5,17.29
2007-03-01,15.36,19.4
2007-03-02,16.04,18.63
2007-03-05,18.13,20.41
2007-03-06,15.76,18.34
2007-03-07,14.52,16.27
2007-03-08,13.48,14.7
2007-03-09,13.67,14.62
2007-03-12,13.76,14.96
2007-03-13,14.6,18.42
2007-03-14,16.75,21.25
2007-03-15,15.27,16.91
2007-03-16,15.29,17.71
2007-03-19,14.58,15.82
2007-03-20,13.25,15.16
2007-03-21,11.21,13.67
2007-03-22,12.04,12.95
2007-03-23,12.46,13.18
2007-03-26,12.91,14.7
2007-03-27,13.4,13.9
2007-03-28,14.22,15.51
2007-03-29,14.34,16.05
2007-03-30,14.14,15.82
2007-04-02,14.4,15.46
2007-04-03,12.81,14.53
2007-04-04,13.2,13.91
2007-04-05,12.69,13.66
2007-04-09,12.89,13.56
2007-04-10,12.56,13.33
2007-04-11,12.68,14.08
2007-04-12,12.58,14.15
2007-04-13,12.13,13.0
2007-04-16,11.46,12.1
2007-04-17,11.5,12.17
2007-04-18,11.95,12.57
2007-04-19,12.41,13.27
2007-04-20,11.97,12.67
2007-04-23,12.07,13.08
2007-04-24,13.04,13.89
2007-04-25,12.58,13.23
2007-04-26,12.67,13.67
2007-04-27,12.41,13.26
2007-04-30,12.45,14.31
2007-05-01,13.48,14.6
2007-05-02,12.55,13.52
2007-05-03,12.89,13.36
2007-05-04,12.59,13.36
2007-05-07,12.91,13.37
2007-05-08,13.15,13.69
2007-05-09,12.54,13.5
2007-05-10,12.88,13.85
2007-05-11,12.63,13.47
2007-05-14,13.01,14.43
2007-05-15,13.27,14.3
2007-05-16,13.47,14.18
2007-05-17,13.25,13.82
2007-05-18,12.69,13.22
2007-05-21,12.7,13.3
2007-05-22,12.7,13.38
2007-05-23,12.55,13.28
2007-05-24,12.92,14.36
2007-05-25,13.23,13.87
2007-05-29,13.31,13.95
2007-05-30,12.82,14.29
2007-05-31,12.62,13.18
2007-06-01,12.43,13.01
2007-06-04,12.78,13.54
2007-06-05,13.29,14.17
2007-06-06,13.63,15.06
2007-06-07,14.89,17.09
2007-06-08,14.73,17.06
2007-06-11,14.24,15.47
2007-06-12,14.77,16.7
2007-06-13,14.67,16.1
2007-06-14,13.59,14.82
2007-06-15,12.58,13.97
2007-06-18,13.35,14.51
2007-06-19,12.79,13.8
2007-06-20,12.75,14.76
2007-06-21,14.17,15.56
2007-06-22,14.31,16.58
2007-06-25,15.41,17.24
2007-06-26,16.21,18.89
2007-06-27,15.44,18.98
2007-06-28,14.98,15.71
2007-06-29,14.62,17.13
2007-07-02,15.31,16.48
2007-07-03,14.85,15.4
2007-07-05,15.17,15.95
2007-07-06,14.67,15.59
2007-07-09,15.03,15.69
2007-07-10,15.83,17.68
2007-07-11,16.64,17.91
2007-07-12,14.93,16.39
2007-07-13,14.79,15.51
2007-07-16,15.27,15.83
2007-07-17,15.31,15.78
2007-07-18,15.95,17.06
2007-07-19,15.06,15.62
2007-07-20,15.36,18.53
2007-07-23,16.39,17.09
2007-07-24,17.48,19.09
2007-07-25,17.38,19.46
2007-07-26,19.3,23.36
2007-07-27,19.6,24.17
2007-07-30,20.86,23.64
2007-07-31,19.68,23.93
2007-08-01,23.26,26.22
2007-08-02,21.2,23.0
2007-08-03,21.09,25.55
2007-08-06,22.44,26.47
2007-08-07,21.37,23.74
2007-08-08,19.33,22.95
2007-08-09,23.84,26.9
2007-08-10,26.91,29.84
2007-08-13,25.48,28.02
2007-08-14,25.31,28.29
2007-08-15,26.16,31.76
2007-08-16,30.44,37.5
2007-08-17,25.23,31.46
2007-08-20,25.8,29.95
2007-08-21,24.77,26.72
2007-08-22,22.87,24.44
2007-08-23,22.05,23.61
2007-08-24,20.44,23.03
2007-08-27,21.96,22.83
2007-08-28,23.72,26.57
2007-08-29,23.44,26.02
2007-08-30,23.69,25.58
2007-08-31,22.47,24.07
2007-09-04,21.71,24.81
2007-09-05,23.8,25.45
2007-09-06,23.66,25.14
2007-09-07,25.6,26.97
2007-09-10,26.56,28.82
2007-09-11,25.19,27.21
2007-09-12,24.57,26.21
2007-09-13,23.83,25.32
2007-09-14,24.68,26.48
2007-09-17,25.8,27.08
2007-09-18,20.27,26.23
2007-09-19,19.17,20.57
2007-09-20,19.55,20.82
2007-09-21,18.37,19.81
2007-09-24,18.32,19.62
2007-09-25,18.44,20.46
2007-09-26,17.3,18.18
2007-09-27,16.95,17.47
2007-09-28,16.91,18.22
2007-10-01,17.11,18.44
2007-10-02,17.6,18.89
2007-10-03,18.31,18.99
2007-10-04,18.26,18.65
2007-10-05,16.44,17.56
2007-10-08,17.32,17.83
2007-10-09,16.09,17.28
2007-10-10,16.39,17.35
2007-10-11,16.08,19.73
2007-10-12,17.49,18.74
2007-10-15,17.95,20.01
2007-10-16,19.73,20.75
2007-10-17,18.28,20.11
2007-10-18,17.73,19.56
2007-10-19,19.02,22.96
2007-10-22,21.38,23.94
2007-10-23,20.13,21.43
2007-10-24,20.59,24.15
2007-10-25,20.04,22.4
2007-10-26,19.48,20.97
2007-10-29,16.84,20.24
2007-10-30,20.31,21.15
2007-10-31,18.3,22.09
2007-11-01,17.38,24.15
2007-11-02,22.56,25.17
2007-11-05,23.61,25.46
2007-11-06,21.24,23.74
2007-11-07,22.75,26.85
2007-11-08,25.32,29.15
2007-11-09,26.21,28.84
2007-11-12,24.47,31.09
2007-11-13,23.82,27.5
2007-11-14,23.07,27.03
2007-11-15,25.98,29.31
2007-11-16,25.12,28.12
2007-11-19,25.74,27.18
2007-11-20,23.62,27.35
2007-11-21,24.55,27.77
2007-11-23,25.35,26.42
2007-11-26,25.84,28.95
2007-11-27,26.23,28.24
2007-11-28,23.55,25.14
2007-11-29,23.35,24.61
2007-11-30,22.0,23.39
2007-12-03,23.4,24.49
2007-12-04,23.32,24.59
2007-12-05,21.87,23.03
2007-12-06,19.65,22.75
2007-12-07,20.29,21.01
2007-12-10,20.36,21.46
2007-12-11,19.77,23.7
2007-12-12,20.49,24.22
2007-12-13,22.41,24.04
2007-12-14,22.26,23.53
2007-12-17,23.42,24.86
2007-12-18,22.41,24.6
2007-12-19,21.3,22.68
2007-12-20,20.58,21.67
2007-12-21,18.28,19.82
2007-12-24,18.48,19.42
2007-12-26,18.6,19.47
2007-12-27,19.15,20.51
2007-12-28,19.44,21.05
2007-12-31,21.79,22.75
2008-01-02,22.4,24.05
2008-01-03,22.11,23.27
2008-01-04,23.25,24.3
2008-01-07,23.3,24.88
2008-01-08,22.63,25.6
2008-01-09,23.9,25.95
2008-01-10,22.62,24.61
2008-01-11,23.22,24.41
2008-01-14,22.65,23.93
2008-01-15,22.97,24.59
2008-01-16,22.85,24.38
2008-01-17,23.87,28.51
2008-01-18,26.27,29.3
2008-01-22,29.71,37.57
2008-01-23,22.82,34.42
2008-01-24,27.03,28.48
2008-01-25,25.93,29.76
2008-01-28,27.57,30.26
2008-01-29,26.55,27.96
2008-01-30,24.74,28.34
2008-01-31,25.45,28.81
2008-02-01,24.02,25.75
2008-02-04,24.85,26.03
2008-02-05,27.2,28.49
2008-02-06,27.04,29.31
2008-02-07,26.78,29.7
2008-02-08,27.22,28.89
2008-02-11,27.32,29.57
2008-02-12,25.25,27.17
2008-02-13,24.57,26.06
2008-02-14,23.98,25.64
2008-02-15,24.45,25.67
2008-02-19,24.73,26.59
2008-02-20,24.21,26.95
2008-02-21,23.74,25.45
2008-02-22,23.62,25.93
2008-02-25,22.69,25.07
2008-02-26,21.64,23.45
2008-02-27,21.83,23.01
2008-02-28,22.69,23.79
2008-02-29,23.54,26.91
2008-03-03,26.27,28.13
2008-03-04,25.51,27.42
2008-03-05,23.3,25.77
2008-03-06,25.04,27.9
2008-03-07,26.48,29.29
2008-03-10,27.92,29.73
2008-03-11,26.35,28.64
2008-03-12,24.9,27.25
2008-03-13,25.65,29.62
2008-03-14,26.02,32.89
2008-03-17,31.1,35.6
2008-03-18,25.58,32.24
2008-03-19,25.16,29.95
2008-03-20,25.8,29.84
2008-03-24,24.75,27.04
2008-03-25,25.17,26.42
2008-03-26,25.51,26.85
2008-03-27,24.91,25.98
2008-03-28,25.04,25.96
2008-03-31,25.35,26.77
2008-04-01,22.52,25.61
2008-04-02,22.39,23.65
2008-04-03,23.0,24.15
2008-04-04,21.75,23.31
2008-04-07,21.21,22.73
2008-04-08,22.36,23.16
2008-04-09,22.36,23.57
2008-04-10,21.63,23.22
2008-04-11,22.65,23.59
2008-04-14,23.46,24.35
2008-04-15,22.72,23.99
2008-04-16,20.5,22.09
2008-04-17,20.35,21.54
2008-04-18,19.21,20.37
2008-04-21,20.15,21.12
2008-04-22,20.47,21.6
2008-04-23,19.88,20.95
2008-04-24,19.21,20.77
2008-04-25,19.28,20.36
2008-04-28,19.37,20.25
2008-04-29,19.63,20.54
2008-04-30,19.69,20.81
2008-05-01,18.87,20.83
2008-05-02,17.97,19.11
2008-05-05,18.68,19.29
2008-05-06,18.11,19.57
2008-05-07,18.42,19.98
2008-05-08,18.62,19.92
2008-05-09,19.3,20.01
2008-05-12,16.92,19.48
2008-05-13,17.76,18.63
2008-05-14,16.19,17.98
2008-05-15,16.25,17.84
2008-05-16,16.3,17.92
2008-05-19,15.82,17.89
2008-05-20,17.02,18.42
2008-05-21,17.01,18.89
2008-05-22,17.82,19.11
2008-05-23,18.38,19.8
2008-05-27,19.42,20.95
2008-05-28,19.01,20.03
2008-05-29,17.54,19.17
2008-05-30,17.56,18.21
2008-06-02,17.83,20.45
2008-06-03,18.89,21.0
2008-06-04,19.76,21.31
2008-06-05,18.62,20.59
2008-06-06,18.63,23.79
2008-06-09,20.78,24.47
2008-06-10,22.31,24.42
2008-06-11,22.86,24.3
2008-06-12,21.91,23.98
2008-06-13,21.04,23.14
2008-06-16,20.73,22.84
2008-06-17,20.02,21.42
2008-06-18,21.26,22.86
2008-06-19,20.91,22.61
2008-06-20,21.58,23.7
2008-06-23,22.52,23.14
2008-06-24,21.68,23.48
2008-06-25,20.34,22.42
2008-06-26,22.15,23.99
2008-06-27,23.3,24.56
2008-06-30,23.27,24.26
2008-07-01,23.64,25.57
2008-07-02,22.7,25.96
2008-07-03,24.44,26.08
2008-07-07,24.73,26.91
2008-07-08,23.02,26.05
2008-07-09,22.59,25.39
2008-07-10,25.07,26.62
2008-07-11,25.56,29.44
2008-07-14,26.9,29.3
2008-07-15,27.01,30.81
2008-07-16,24.87,28.19
2008-07-17,23.99,25.5
2008-07-18,23.78,25.19
2008-07-21,23.04,24.58
2008-07-22,21.05,24.08
2008-07-23,20.73,22.08
2008-07-24,21.31,23.61
2008-07-25,22.31,23.45
2008-07-28,19.65,24.62
2008-07-29,21.96,24.22
2008-07-30,20.99,22.31
2008-07-31,21.45,22.96
2008-08-01,22.35,23.37
2008-08-04,22.94,23.86
2008-08-05,20.06,22.99
2008-08-06,19.75,21.66
2008-08-07,20.23,21.46
2008-08-08,20.11,21.69
2008-08-11,19.66,20.96
2008-08-12,20.38,21.51
2008-08-13,20.8,22.11
2008-08-14,20.07,22.3
2008-08-15,19.57,20.65
2008-08-18,19.58,21.44
2008-08-19,21.28,22.14
2008-08-20,20.39,21.67
2008-08-21,18.94,21.08
2008-08-22,18.64,19.83
2008-08-25,18.78,21.22
2008-08-26,20.48,21.27
2008-08-27,19.53,20.67
2008-08-28,19.22,19.66
2008-08-29,19.43,20.71
2008-09-02,20.47,22.3
2008-09-03,21.39,22.3
2008-09-04,21.91,24.15
2008-09-05,22.97,24.71
2008-09-08,22.12,24.06
2008-09-09,22.58,25.68
2008-09-10,23.8,25.48
2008-09-11,24.39,26.25
2008-09-12,24.8,26.67
2008-09-15,25.66,31.87
2008-09-16,30.24,33.7
2008-09-17,30.25,36.4
2008-09-18,33.1,42.16
2008-09-19,27.95,33.08
2008-09-22,30.81,34.22
2008-09-23,32.63,36.08
2008-09-24,34.16,36.71
2008-09-25,32.45,35.19
2008-09-26,32.82,36.4
2008-09-29,36.92,48.4
2008-09-30,38.86,43.8
2008-10-01,39.39,42.38
2008-10-02,39.82,46.48
2008-10-03,41.51,45.52
2008-10-06,45.12,58.24
2008-10-07,47.03,54.19
2008-10-08,51.9,59.06
2008-10-09,52.54,64.92
2008-10-10,59.96,76.94
2008-10-13,54.69,71.42
2008-10-14,47.29,59.81
2008-10-15,55.69,69.47
2008-10-16,66.51,81.17
2008-10-17,59.82,74.48
2008-10-20,52.7,70.4
2008-10-21,50.91,56.37
2008-10-22,53.0,80.64
2008-10-23,51.83,79.43
2008-10-24,67.8,89.53
2008-10-27,65.9,81.65
2008-10-28,65.66,78.98
2008-10-29,62.72,71.14
2008-10-30,62.67,69.83
2008-10-31,56.73,65.85
2008-11-03,53.63,60.77
2008-11-04,44.25,53.68
2008-11-05,46.87,55.62
2008-11-06,55.6,64.78
2008-11-07,56.03,63.68
2008-11-10,54.63,62.09
2008-11-11,58.58,64.73
2008-11-12,61.52,67.19
2008-11-13,58.66,69.99
2008-11-14,59.75,66.31
2008-11-17,65.1,69.59
2008-11-18,67.18,73.13
2008-11-19,67.34,75.0
2008-11-20,72.76,81.48
2008-11-21,71.63,80.74
2008-11-24,61.81,71.35
2008-11-25,60.25,65.49
2008-11-26,54.62,62.5
2008-11-28,50.5,56.82
2008-12-01,60.36,68.6
2008-12-02,62.31,67.01
2008-12-03,60.18,65.37
2008-12-04,60.21,65.08
2008-12-05,59.26,66.54
2008-12-08,57.35,59.87
2008-12-09,56.37,59.57
2008-12-10,53.79,58.91
2008-12-11,52.94,56.44
2008-12-12,54.26,58.84
2008-12-15,55.68,58.49
2008-12-16,50.91,56.76
2008-12-17,49.36,52.19
2008-12-18,44.5,49.84
2008-12-19,41.29,46.01
2008-12-22,42.75,46.69
2008-12-23,41.68,45.39
2008-12-24,44.15,45.02
2008-12-26,42.92,44.36
2008-12-29,42.16,46.24
2008-12-30,41.63,44.29
2008-12-31,37.96,41.63
2009-01-02,36.88,39.82
2009-01-05,38.3,40.22
2009-01-06,37.34,39.33
2009-01-07,40.12,43.82
2009-01-08,42.56,44.6
2009-01-09,41.05,43.13
2009-01-12,41.94,46.62
2009-01-13,43.23,47.08
2009-01-14,46.14,51.55
2009-01-15,49.14,55.16
2009-01-16,45.96,51.0
2009-01-20,49.27,57.36
2009-01-21,46.15,54.12
2009-01-22,46.51,51.76
2009-01-23,46.43,51.11
2009-01-26,44.29,47.93
2009-01-27,42.2,45.93
2009-01-28,33.76,42.25
2009-01-29,41.12,43.03
2009-01-30,42.09,45.53
2009-02-02,45.26,49.54
2009-02-03,42.43,45.52
2009-02-04,41.39,44.52
2009-02-05,42.32,46.23
2009-02-06,41.2,43.71
2009-02-09,43.04,45.45
2009-02-10,44.18,48.12
2009-02-11,44.5,46.67
2009-02-12,41.21,48.63
2009-02-13,40.73,43.02
2009-02-17,46.96,51.18
2009-02-18,46.0,50.29
2009-02-19,44.81,48.54
2009-02-20,42.02,52.04
2009-02-23,48.97,53.16
2009-02-24,44.28,52.56
2009-02-25,42.84,47.23
2009-02-26,41.91,45.33
2009-02-27,44.46,47.34
2009-03-02,48.35,53.25
2009-03-03,48.5,52.76
2009-03-04,45.02,48.83
2009-03-05,46.98,51.95
2009-03-06,47.65,51.95
2009-03-09,48.4,51.34
2009-03-10,43.88,49.68
2009-03-11,42.36,44.26
2009-03-12,40.75,43.98
2009-03-13,40.03,43.52
2009-03-16,42.36,44.23
2009-03-17,40.74,44.59
2009-03-18,38.98,42.39
2009-03-19,38.79,44.17
2009-03-20,43.07,47.63
2009-03-23,41.27,45.89
2009-03-24,41.63,44.0
2009-03-25,40.81,44.2
2009-03-26,40.17,42.25
2009-03-27,40.36,42.13
2009-03-30,44.86,46.28
2009-03-31,42.27,45.54
2009-04-01,42.26,45.6
2009-04-02,40.3,42.68
2009-04-03,39.64,42.03
2009-04-06,40.83,43.02
2009-04-07,40.36,42.5
2009-04-08,38.7,40.86
2009-04-09,36.53,37.74
2009-04-13,37.51,38.91
2009-04-14,36.88,38.5
2009-04-15,36.1,38.06
2009-04-16,34.88,36.8
2009-04-17,33.68,35.52
2009-04-20,33.94,39.58
2009-04-21,36.95,40.29
2009-04-22,36.01,38.19
2009-04-23,37.01,38.52
2009-04-24,36.37,37.53
2009-04-27,37.97,39.52
2009-04-28,37.42,39.64
2009-04-29,35.37,37.95
2009-04-30,34.5,36.71
2009-05-01,34.88,36.88
2009-05-04,34.31,36.2
2009-05-05,33.36,35.14
2009-05-06,32.43,33.7
2009-05-07,31.91,34.56
2009-05-08,31.19,32.72
2009-05-11,32.05,34.08
2009-05-12,31.57,33.29
2009-05-13,32.56,33.99
2009-05-14,31.32,33.96
2009-05-15,30.59,33.61
2009-05-18,30.0,32.91
2009-05-19,28.35,30.32
2009-05-20,26.57,29.16
2009-05-21,29.03,32.77
2009-05-22,30.57,32.71
2009-05-26,30.38,34.57
2009-05-27,29.62,32.53
2009-05-28,31.1,33.32
2009-05-29,28.85,31.67
2009-06-01,28.45,30.04
2009-06-02,28.3,30.13
2009-06-03,29.62,31.79
2009-06-04,29.92,31.02
2009-06-05,28.85,30.81
2009-06-08,29.33,31.82
2009-06-09,27.79,29.77
2009-06-10,26.9,29.74
2009-06-11,26.81,28.11
2009-06-12,27.73,28.5
2009-06-15,29.64,31.09
2009-06-16,30.07,32.75
2009-06-17,30.64,32.77
2009-06-18,29.6,31.54
2009-06-19,27.56,29.32
2009-06-22,30.3,32.05
2009-06-23,27.83,31.54
2009-06-24,28.79,30.58
2009-06-25,26.3,29.56
2009-06-26,25.76,27.22
2009-06-29,25.29,27.18
2009-06-30,25.02,27.38
2009-07-01,24.8,26.31
2009-07-02,26.22,28.62
2009-07-06,28.99,30.6
2009-07-07,28.9,30.94
2009-07-08,30.43,33.05
2009-07-09,29.28,30.49
2009-07-10,28.82,30.34
2009-07-13,25.42,29.24
2009-07-14,24.99,26.84
2009-07-15,23.83,26.06
2009-07-16,24.51,26.18
2009-07-17,23.88,25.55
2009-07-20,24.26,25.42
2009-07-21,23.81,25.14
2009-07-22,23.24,24.14
2009-07-23,23.33,24.05
2009-07-24,23.0,23.87
2009-07-27,24.02,24.86
2009-07-28,24.28,25.61
2009-07-29,25.41,26.18
2009-07-30,24.85,25.76
2009-07-31,24.93,26.22
2009-08-03,25.56,26.49
2009-08-04,24.89,26.16
2009-08-05,24.86,25.85
2009-08-06,24.47,26.15
2009-08-07,23.98,24.95
2009-08-10,24.76,25.82
2009-08-11,24.98,26.98
2009-08-12,25.11,26.5
2009-08-13,24.71,26.15
2009-08-14,24.26,25.94
2009-08-17,24.27,28.39
2009-08-18,26.08,27.89
2009-08-19,26.14,28.14
2009-08-20,24.75,26.45
2009-08-21,23.91,25.06
2009-08-24,25.01,25.7
2009-08-25,23.68,25.13
2009-08-26,24.69,25.56
2009-08-27,24.43,25.89
2009-08-28,24.28,25.5
2009-08-31,24.76,27.01
2009-09-01,26.0,29.23
2009-09-02,28.41,29.57
2009-09-03,26.98,28.9
2009-09-04,24.86,26.98
2009-09-08,25.26,26.15
2009-09-09,24.23,25.93
2009-09-10,22.82,24.76
2009-09-11,22.48,24.33
2009-09-14,23.32,25.39
2009-09-15,23.07,24.26
2009-09-16,22.78,23.92
2009-09-17,22.79,24.07
2009-09-18,23.14,24.43
2009-09-21,23.71,25.51
2009-09-22,23.06,23.98
2009-09-23,22.19,23.69
2009-09-24,23.44,25.37
2009-09-25,24.81,26.34
2009-09-28,24.85,26.4
2009-09-29,24.54,25.28
2009-09-30,24.76,26.45
2009-10-01,25.98,28.42
2009-10-02,27.98,29.56
2009-10-05,26.57,29.34
2009-10-06,25.19,26.41
2009-10-07,24.57,25.82
2009-10-08,23.9,24.69
2009-10-09,22.99,24.54
2009-10-12,22.67,23.53
2009-10-13,22.74,24.07
2009-10-14,21.55,22.89
2009-10-15,21.49,23.53
2009-10-16,20.98,22.6
2009-10-19,20.91,22.46
2009-10-20,20.9,21.76
2009-10-21,20.1,22.48
2009-10-22,20.33,22.77
2009-10-23,20.34,22.59
2009-10-26,21.89,24.86
2009-10-27,24.03,25.22
2009-10-28,24.83,27.94
2009-10-29,24.68,27.19
2009-10-30,24.76,31.59
2009-11-02,28.07,31.84
2009-11-03,28.77,30.8
2009-11-04,26.61,28.81
2009-11-05,25.41,27.39
2009-11-06,24.06,26.17
2009-11-09,22.78,24.24
2009-11-10,22.78,23.53
2009-11-11,21.61,23.68
2009-11-12,22.91,24.61
2009-11-13,23.22,24.43
2009-11-16,22.02,23.42
2009-11-17,22.27,23.33
2009-11-18,21.63,22.65
2009-11-19,21.63,24.2
2009-11-20,22.14,23.45
2009-11-23,20.9,21.98
2009-11-24,20.35,21.87
2009-11-25,20.05,20.57
2009-11-27,23.12,25.93
2009-11-30,24.19,25.57
2009-12-01,21.88,24.51
2009-12-02,21.01,22.19
2009-12-03,20.61,22.5
2009-12-04,20.62,22.76
2009-12-07,21.6,22.46
2009-12-08,22.84,23.97
2009-12-09,22.54,24.2
2009-12-10,21.77,22.66
2009-12-11,21.39,22.31
2009-12-14,20.57,21.59
2009-12-15,20.91,21.87
2009-12-16,20.46,21.5
2009-12-17,21.4,22.86
2009-12-18,21.68,23.02
2009-12-21,20.28,21.51
2009-12-22,19.54,20.4
2009-12-23,19.35,19.97
2009-12-24,19.25,19.67
2009-12-28,19.9,20.53
2009-12-29,19.62,20.12
2009-12-30,19.93,20.44
2009-12-31,19.89,21.83
2010-01-04,20.03,21.68
2010-01-05,19.34,20.13
2010-01-06,18.77,19.68
2010-01-07,18.7,19.71
2010-01-08,18.11,19.27
2010-01-11,16.86,17.74
2010-01-12,17.95,19.46
2010-01-13,17.56,18.72
2010-01-14,17.38,18.27
2010-01-15,17.63,19.02
2010-01-19,17.33,18.85
2010-01-20,18.44,19.69
2010-01-21,18.27,22.3
2010-01-22,22.27,28.01
2010-01-25,24.61,27.32
2010-01-26,22.77,26.22
2010-01-27,23.14,25.69
2010-01-28,22.69,25.3
2010-01-29,22.11,25.03
2010-02-01,22.58,24.33
2010-02-02,21.08,22.99
2010-02-03,21.33,22.11
2010-02-04,22.63,26.32
2010-02-05,25.37,29.22
2010-02-08,25.48,27.11
2010-02-09,24.78,26.56
2010-02-10,24.8,26.77
2010-02-11,23.87,26.11
2010-02-12,22.73,25.54
2010-02-16,22.13,23.57
2010-02-17,21.7,22.6
2010-02-18,20.6,22.21
2010-02-19,19.71,21.14
2010-02-22,19.59,21.0
2010-02-23,20.06,21.94
2010-02-24,20.22,21.58
2010-02-25,20.06,22.68
2010-02-26,19.32,20.53
2010-03-01,19.18,19.94
2010-03-02,18.6,19.36
2010-03-03,18.42,19.3
2010-03-04,18.58,19.27
2010-03-05,17.23,18.15
2010-03-08,17.56,17.96
2010-03-09,17.51,18.19
2010-03-10,17.43,18.6
2010-03-11,18.06,19.34
2010-03-12,17.58,18.53
2010-03-15,17.96,18.78
2010-03-16,17.42,18.01
2010-03-17,16.52,17.17
2010-03-18,16.31,16.99
2010-03-19,16.17,17.57
2010-03-22,16.77,18.34
2010-03-23,16.21,17.09
2010-03-24,16.83,17.92
2010-03-25,16.62,18.54
2010-03-26,17.35,18.69
2010-03-29,17.57,18.28
2010-03-30,17.13,18.08
2010-03-31,17.29,17.92
2010-04-01,16.79,18.09
2010-04-05,17.02,18.16
2010-04-06,16.08,17.54
2010-04-07,16.16,17.21
2010-04-08,16.3,17.8
2010-04-09,16.06,16.65
2010-04-12,15.23,16.0
2010-04-13,15.81,16.77
2010-04-14,15.55,16.38
2010-04-15,15.68,16.5
2010-04-16,16.11,19.7
2010-04-19,17.34,19.55
2010-04-20,15.73,16.89
2010-04-21,15.5,16.85
2010-04-22,16.2,18.19
2010-04-23,16.12,16.71
2010-04-26,17.07,17.53
2010-04-27,17.94,23.2
2010-04-28,20.86,23.03
2010-04-29,18.44,20.37
2010-04-30,18.41,22.39
2010-05-03,19.61,22.41
2010-05-04,22.46,25.7
2010-05-05,23.75,27.23
2010-05-06,24.43,40.71
2010-05-07,31.71,42.15
2010-05-10,25.68,30.89
2010-05-11,25.86,31.04
2010-05-12,24.98,26.67
2010-05-13,24.3,26.85
2010-05-14,28.4,33.24
2010-05-17,30.76,35.25
2010-05-18,28.09,34.17
2010-05-19,33.07,38.42
2010-05-20,40.3,46.37
2010-05-21,38.95,48.2
2010-05-24,35.57,41.74
2010-05-25,34.59,43.74
2010-05-26,24.1,35.02
2010-05-27,29.54,31.03
2010-05-28,29.53,33.3
2010-06-01,31.82,35.68
2010-06-02,29.94,34.57
2010-06-03,29.12,31.2
2010-06-04,31.81,36.12
2010-06-07,34.43,36.8
2010-06-08,33.36,37.38
2010-06-09,30.23,34.12
2010-06-10,29.69,31.77
2010-06-11,28.6,31.79
2010-06-14,26.98,28.72
2010-06-15,25.68,27.84
2010-06-16,25.34,26.72
2010-06-17,25.05,26.64
2010-06-18,23.3,24.88
2010-06-21,22.87,25.64
2010-06-22,24.41,27.05
2010-06-23,26.54,28.55
2010-06-24,27.53,30.27
2010-06-25,28.07,30.41
2010-06-28,28.47,29.9
2010-06-29,31.22,35.39
2010-06-30,31.74,34.63
2010-07-01,32.72,37.58
2010-07-02,29.35,31.88
2010-07-06,27.96,31.15
2010-07-07,26.84,29.56
2010-07-08,24.22,27.42
2010-07-09,24.37,25.67
2010-07-12,23.53,25.14
2010-07-13,23.12,24.57
2010-07-14,24.18,25.8
2010-07-15,24.74,27.24
2010-07-16,25.71,28.16
2010-07-19,25.12,27.3
2010-07-20,23.79,27.4
2010-07-21,23.59,26.63
2010-07-22,23.72,24.85
2010-07-23,23.32,25.17
2010-07-26,22.7,24.61
2010-07-27,21.86,23.57
2010-07-28,22.24,24.54
2010-07-29,23.04,25.54
2010-07-30,23.35,27.32
2010-08-02,21.74,23.24
2010-08-03,21.98,23.06
2010-08-04,22.16,23.69
2010-08-05,22.07,23.13
2010-08-06,21.72,23.89
2010-08-09,21.36,22.87
2010-08-10,22.17,24.24
2010-08-11,24.96,26.1
2010-08-12,25.18,27.21
2010-08-13,25.45,26.26
2010-08-16,25.38,28.1
2010-08-17,23.71,24.89
2010-08-18,23.4,25.23
2010-08-19,24.26,26.78
2010-08-20,25.49,27.0
2010-08-23,24.62,25.97
2010-08-24,26.32,28.77
2010-08-25,26.46,28.92
2010-08-26,25.86,27.55
2010-08-27,24.41,28.11
2010-08-30,25.41,27.21
2010-08-31,25.93,27.83
2010-09-01,23.86,25.13
2010-09-02,23.15,24.31
2010-09-03,21.24,22.78
2010-09-07,22.77,23.94
2010-09-08,22.92,23.56
2010-09-09,22.14,23.24
2010-09-10,21.76,22.87
2010-09-13,20.93,22.05
2010-09-14,20.85,21.97
2010-09-15,22.1,22.8
2010-09-16,21.71,22.83
2010-09-17,21.63,22.56
2010-09-20,21.25,22.58
2010-09-21,21.42,22.59
2010-09-22,21.91,23.19
2010-09-23,22.56,24.06
2010-09-24,21.71,22.61
2010-09-27,21.97,22.75
2010-09-28,22.4,24.28
2010-09-29,22.72,23.45
2010-09-30,22.39,24.52
2010-10-01,22.46,23.67
2010-10-04,23.3,24.34
2010-10-05,21.71,23.08
2010-10-06,21.46,22.13
2010-10-07,21.28,22.16
2010-10-08,20.29,21.64
2010-10-11,18.8,19.51
2010-10-12,18.55,20.1
2010-10-13,17.9,19.16
2010-10-14,19.4,21.02
2010-10-15,19.02,21.59
2010-10-18,18.88,20.71
2010-10-19,19.33,21.35
2010-10-20,19.67,21.2
2010-10-21,18.93,20.53
2010-10-22,18.76,19.36
2010-10-25,18.86,19.88
2010-10-26,20.22,21.01
2010-10-27,20.69,22.37
2010-10-28,20.18,21.41
2010-10-29,20.86,21.4
2010-11-01,20.92,22.54
2010-11-02,21.22,21.82
2010-11-03,19.54,22.02
2010-11-04,17.97,18.8
2010-11-05,17.92,18.44
2010-11-08,18.21,19.35
2010-11-09,17.83,19.39
2010-11-10,18.41,19.96
2010-11-11,18.48,19.75
2010-11-12,19.29,21.23
2010-11-15,19.14,20.37
2010-11-16,20.95,23.07
2010-11-17,21.22,22.21
2010-11-18,18.75,20.31
2010-11-19,17.76,19.72
2010-11-22,18.35,20.14
2010-11-23,20.24,21.45
2010-11-24,18.73,19.61
2010-11-26,20.28,22.22
2010-11-29,21.38,23.84
2010-11-30,22.42,23.79
2010-12-01,20.4,21.43
2010-12-02,19.1,21.13
2010-12-03,17.71,19.28
2010-12-06,17.95,18.85
2010-12-07,17.13,18.15
2010-12-08,17.69,18.32
2010-12-09,17.24,17.84
2010-12-10,17.06,17.63
2010-12-13,16.68,17.67
2010-12-14,17.22,17.95
2010-12-15,17.37,18.14
2010-12-16,16.88,18.27
2010-12-17,15.46,17.64
2010-12-20,15.78,16.86
2010-12-21,16.08,16.62
2010-12-22,15.45,16.56
2010-12-23,15.4,16.86
2010-12-27,17.66,18.32
2010-12-28,17.3,17.99
2010-12-29,17.02,17.49
2010-12-30,17.46,17.89
2010-12-31,17.75,18.13
2011-01-03,16.91,17.95
2011-01-04,17.33,18.24
2011-01-05,16.86,17.95
2011-01-06,16.79,17.56
2011-01-07,16.57,18.07
2011-01-10,17.54,18.63
2011-01-11,16.6,17.35
2011-01-12,16.17,16.5
2011-01-13,16.14,16.78
2011-01-14,15.37,16.71
2011-01-18,15.71,16.2
2011-01-19,15.86,17.67
2011-01-20,17.65,18.85
2011-01-21,16.6,18.61
2011-01-24,17.56,18.93
2011-01-25,17.59,18.55
2011-01-26,16.59,17.42
2011-01-27,15.81,16.89
2011-01-28,15.92,20.08
2011-01-31,17.1,19.96
2011-02-01,17.4,18.63
2011-02-02,17.28,17.84
2011-02-03,16.61,17.8
2011-02-04,15.89,16.74
2011-02-07,15.84,16.54
2011-02-08,14.86,16.6
2011-02-09,15.86,16.52
2011-02-10,16.0,17.07
2011-02-11,15.55,16.53
2011-02-14,15.22,16.26
2011-02-15,16.27,16.75
2011-02-16,15.84,16.74
2011-02-17,15.88,17.3
2011-02-18,15.54,16.91
2011-02-22,18.38,21.45
2011-02-23,20.3,23.22
2011-02-24,20.81,22.71
2011-02-25,18.88,20.44
2011-02-28,18.14,19.27
2011-03-01,17.63,21.01
2011-03-02,19.62,21.14
2011-03-03,18.25,19.27
2011-03-04,18.31,20.33
2011-03-07,18.95,21.77
2011-03-08,19.15,21.06
2011-03-09,19.41,20.96
2011-03-10,20.34,22.25
2011-03-11,19.97,21.75
2011-03-14,20.92,22.74
2011-03-15,23.31,25.72
2011-03-16,24.04,31.28
2011-03-17,25.44,27.54
2011-03-18,23.09,24.85
2011-03-21,20.22,22.16
2011-03-22,19.97,20.59
2011-03-23,18.19,21.05
2011-03-24,17.87,18.99
2011-03-25,17.07,18.08
2011-03-28,17.96,19.44
2011-03-29,18.0,19.78
2011-03-30,17.37,17.89
2011-03-31,17.41,17.95
2011-04-01,16.44,17.62
2011-04-04,17.39,17.85
2011-04-05,16.5,17.87
2011-04-06,16.5,17.15
2011-04-07,16.49,17.77
2011-04-08,16.51,18.33
2011-04-11,16.22,17.05
2011-04-12,16.88,18.46
2011-04-13,16.2,17.38
2011-04-14,16.08,18.08
2011-04-15,14.92,15.98
2011-04-18,16.81,19.07
2011-04-19,15.69,16.72
2011-04-20,14.3,15.39
2011-04-21,14.4,15.23
2011-04-25,15.5,16.06
2011-04-26,15.07,15.66
2011-04-27,15.13,16.42
2011-04-28,14.27,15.54
2011-04-29,14.49,14.99
2011-05-02,15.07,16.13
2011-05-03,16.13,17.29
2011-05-04,16.83,17.72
2011-05-05,16.74,19.11
2011-05-06,16.12,19.29
2011-05-09,17.04,18.59
2011-05-10,15.79,16.9
2011-05-11,16.23,17.49
2011-05-12,16.03,17.89
2011-05-13,15.98,17.56
2011-05-16,16.61,18.25
2011-05-17,17.47,19.09
2011-05-18,16.03,17.68
2011-05-19,15.5,16.56
2011-05-20,15.7,17.43
2011-05-23,17.47,20.03
2011-05-24,17.0,18.19
2011-05-25,16.7,18.26
2011-05-26,15.9,17.46
2011-05-27,15.36,16.27
2011-05-31,15.15,16.5
2011-06-01,15.95,18.48
2011-06-02,17.39,18.72
2011-06-03,17.12,19.87
2011-06-06,17.65,18.65
2011-06-07,17.39,18.48
2011-06-08,17.72,18.83
2011-06-09,17.26,18.31
2011-06-10,17.93,19.16
2011-06-13,18.41,20.02
2011-06-14,17.8,18.56
2011-06-15,19.03,21.66
2011-06-16,20.81,24.65
2011-06-17,20.35,22.39
2011-06-20,19.99,23.08
2011-06-21,17.72,19.46
2011-06-22,17.72,18.9
2011-06-23,19.22,21.5
2011-06-24,19.1,21.28
2011-06-27,20.27,21.82
2011-06-28,19.17,20.45
2011-06-29,16.32,18.83
2011-06-30,15.88,16.77
2011-07-01,15.12,16.29
2011-07-05,15.89,16.5
2011-07-06,16.32,17.08
2011-07-07,15.3,16.13
2011-07-08,15.95,17.14
2011-07-11,17.16,19.06
2011-07-12,18.25,20.13
2011-07-13,18.09,20.16
2011-07-14,19.35,21.58
2011-07-15,19.52,21.68
2011-07-18,20.9,21.93
2011-07-19,19.12,20.43
2011-07-20,18.61,19.65
2011-07-21,17.15,18.63
2011-07-22,17.14,17.95
2011-07-25,18.73,19.5
2011-07-26,19.56,20.5
2011-07-27,20.87,23.2
2011-07-28,21.2,23.99
2011-07-29,23.65,25.94
2011-08-01,22.46,25.63
2011-08-02,22.65,24.79
2011-08-03,22.76,25.23
2011-08-04,24.31,32.07
2011-08-05,27.54,39.22
2011-08-08,35.29,48.0
2011-08-09,34.28,47.56
2011-08-10,37.34,44.41
2011-08-11,37.5,42.88
2011-08-12,34.01,37.85
2011-08-15,31.47,34.83
2011-08-16,31.68,34.49
2011-08-17,30.81,33.32
2011-08-18,36.69,45.28
2011-08-19,39.99,45.4
2011-08-22,38.78,43.58
2011-08-23,35.83,42.54
2011-08-24,34.55,37.38
2011-08-25,34.05,40.14
2011-08-26,34.33,43.84
2011-08-29,32.21,33.81
2011-08-30,31.55,33.55
2011-08-31,30.16,32.53
2011-09-01,30.76,32.34
2011-09-02,32.7,34.74
2011-09-06,37.0,39.86
2011-09-07,33.38,34.7
2011-09-08,32.79,34.71
2011-09-09,35.53,40.74
2011-09-12,38.58,43.18
2011-09-13,36.69,39.43
2011-09-14,33.4,37.76
2011-09-15,31.75,33.89
2011-09-16,30.43,32.48
2011-09-19,32.35,35.33
2011-09-20,31.45,33.14
2011-09-21,32.45,37.32
2011-09-22,39.33,43.87
2011-09-23,40.42,42.82
2011-09-26,39.02,43.34
2011-09-27,35.32,38.57
2011-09-28,36.65,41.24
2011-09-29,38.03,42.0
2011-09-30,39.88,42.99
2011-10-03,41.51,45.55
2011-10-04,40.02,46.88
2011-10-05,37.51,41.2
2011-10-06,36.15,38.74
2011-10-07,35.19,37.82
2011-10-10,32.96,35.45
2011-10-11,32.62,34.24
2011-10-12,29.79,31.93
2011-10-13,30.48,32.76
2011-10-14,28.08,29.96
2011-10-17,30.12,33.39
2011-10-18,29.69,34.71
2011-10-19,31.91,35.46
2011-10-20,34.16,36.87
2011-10-21,31.32,32.98
2011-10-24,28.84,31.7
2011-10-25,30.32,32.46
2011-10-26,29.63,33.3
2011-10-27,24.7,26.46
2011-10-28,24.44,26.02
2011-10-31,27.01,29.97
2011-11-01,33.87,37.53
2011-11-02,32.55,34.27
2011-11-03,30.21,34.65
2011-11-04,30.14,32.56
2011-11-07,29.85,32.15
2011-11-08,27.47,30.49
2011-11-09,30.98,36.43
2011-11-10,32.12,35.5
2011-11-11,29.45,30.42
2011-11-14,31.13,32.85
2011-11-15,30.4,32.55
2011-11-16,30.54,33.51
2011-11-17,32.89,36.46
2011-11-18,31.92,33.99
2011-11-21,32.53,35.29
2011-11-22,31.28,33.39
2011-11-23,32.68,34.57
2011-11-25,33.12,34.77
2011-11-28,29.47,33.11
2011-11-29,30.56,32.02
2011-11-30,27.03,28.5
2011-12-01,26.64,27.89
2011-12-02,25.29,27.62
2011-12-05,26.0,28.31
2011-12-06,27.41,28.13
2011-12-07,28.44,29.58
2011-12-08,29.02,30.91
2011-12-09,26.29,29.61
2011-12-12,25.64,27.73
2011-12-13,23.27,26.28
2011-12-14,25.76,27.55
2011-12-15,23.88,25.28
2011-12-16,23.51,25.02
2011-12-19,24.38,25.37
2011-12-20,22.54,23.58
2011-12-21,21.12,23.94
2011-12-22,20.34,21.33
2011-12-23,20.72,21.21
2011-12-27,21.68,22.66
2011-12-28,22.11,23.56
2011-12-29,22.65,23.52
2011-12-30,22.65,23.46
2012-01-03,22.54,23.1
2012-01-04,22.22,23.73
2012-01-05,21.34,23.09
2012-01-06,20.58,21.72
2012-01-09,21.0,21.78
2012-01-10,20.05,20.69
2012-01-11,20.98,21.22
2012-01-12,20.46,22.03
2012-01-13,20.91,22.43
2012-01-17,20.69,22.25
2012-01-18,20.78,23.44
2012-01-19,19.45,20.87
2012-01-20,18.16,19.94
2012-01-23,18.55,19.31
2012-01-24,18.63,20.0
2012-01-25,17.15,19.55
2012-01-26,16.8,19.17
2012-01-27,18.26,19.16
2012-01-30,19.38,20.33
2012-01-31,18.13,19.84
2012-02-01,17.99,18.82
2012-02-02,17.98,18.5
2012-02-03,16.1,17.32
2012-02-06,16.11,18.02
2012-02-07,17.5,18.1
2012-02-08,17.53,18.46
2012-02-09,18.07,18.72
2012-02-10,19.02,21.98
2012-02-13,17.92,19.68
2012-02-14,18.95,20.76
2012-02-15,19.44,21.77
2012-02-16,19.22,21.76
2012-02-17,17.54,18.79
2012-02-21,17.65,18.94
2012-02-22,17.74,18.94
2012-02-23,16.64,18.97
2012-02-24,16.42,17.62
2012-02-27,17.58,19.25
2012-02-28,17.88,18.67
2012-02-29,17.53,18.68
2012-03-01,17.26,18.03
2012-03-02,17.14,17.65
2012-03-05,18.02,18.9
2012-03-06,20.3,21.24
2012-03-07,19.07,20.44
2012-03-08,17.76,18.46
2012-03-09,16.63,17.54
2012-03-12,15.23,16.67
2012-03-13,13.99,16.08
2012-03-14,14.39,16.19
2012-03-15,14.58,16.06
2012-03-16,13.66,15.24
2012-03-19,14.54,15.43
2012-03-20,15.11,15.95
2012-03-21,14.19,15.31
2012-03-22,15.56,16.58
2012-03-23,14.69,16.39
2012-03-26,14.26,15.03
2012-03-27,14.14,15.59
2012-03-28,15.4,17.27
2012-03-29,15.39,17.2
2012-03-30,14.67,15.98
2012-04-02,15.02,16.58
2012-04-03,15.56,16.65
2012-04-04,16.31,17.74
2012-04-05,16.29,17.13
2012-04-09,17.93,18.94
2012-04-10,18.62,21.06
2012-04-11,18.73,20.12
2012-04-12,17.2,19.74
2012-04-13,17.85,19.62
2012-04-16,18.6,20.39
2012-04-17,17.58,18.66
2012-04-18,17.7,19.17
2012-04-19,17.69,19.69
2012-04-20,16.97,18.05
2012-04-23,18.95,20.27
2012-04-24,18.09,19.22
2012-04-25,16.82,17.38
2012-04-26,15.75,17.04
2012-04-27,15.83,16.47
2012-04-30,16.92,17.41
2012-05-01,16.01,17.49
2012-05-02,16.78,17.63
2012-05-03,16.73,17.92
2012-05-04,17.81,19.28
2012-05-07,18.41,19.87
2012-05-08,17.95,20.91
2012-05-09,19.38,21.59
2012-05-10,18.77,19.88
2012-05-11,18.62,19.94
2012-05-14,20.94,21.87
2012-05-15,20.76,22.7
2012-05-16,20.83,22.69
2012-05-17,21.87,24.51
2012-05-18,23.07,25.14
2012-05-21,22.01,24.88
2012-05-22,19.98,23.19
2012-05-23,21.99,24.58
2012-05-24,21.48,23.22
2012-05-25,21.3,22.29
2012-05-29,20.99,22.47
2012-05-30,22.66,24.14
2012-05-31,22.78,25.46
2012-06-01,23.94,26.71
2012-06-04,25.72,27.73
2012-06-05,24.5,25.9
2012-06-06,21.8,23.89
2012-06-07,20.74,22.48
2012-06-08,20.29,23.1
2012-06-11,19.63,23.56
2012-06-12,22.09,23.9
2012-06-13,22.66,24.93
2012-06-14,21.55,24.81
2012-06-15,20.61,23.09
2012-06-18,18.24,21.98
2012-06-19,17.36,18.62
2012-06-20,17.09,20.05
2012-06-21,16.77,20.46
2012-06-22,17.9,19.37
2012-06-25,19.89,21.36
2012-06-26,19.42,20.57
2012-06-27,19.38,20.12
2012-06-28,19.6,21.19
2012-06-29,16.87,19.71
2012-07-02,16.66,18.19
2012-07-03,16.27,16.92
2012-07-05,17.18,18.22
2012-07-06,16.95,18.25
2012-07-09,17.73,18.32
2012-07-10,17.29,19.19
2012-07-11,17.84,19.17
2012-07-12,17.75,19.51
2012-07-13,16.36,17.82
2012-07-16,16.46,17.32
2012-07-17,16.09,17.46
2012-07-18,15.69,16.81
2012-07-19,15.45,16.7
2012-07-20,15.97,17.05
2012-07-23,18.34,20.49
2012-07-24,18.37,21.0
2012-07-25,18.99,20.67
2012-07-26,17.07,18.47
2012-07-27,16.52,17.3
2012-07-30,17.23,18.08
2012-07-31,18.26,19.09
2012-08-01,18.2,19.18
2012-08-02,17.56,19.25
2012-08-03,15.64,16.45
2012-08-06,15.82,16.27
2012-08-07,15.48,16.03
2012-08-08,15.27,16.47
2012-08-09,15.28,15.67
2012-08-10,14.73,15.5
2012-08-13,13.67,14.67
2012-08-14,13.91,15.06
2012-08-15,14.36,14.98
2012-08-16,14.28,15.15
2012-08-17,13.3,14.3
2012-08-20,13.38,14.78
2012-08-21,13.46,15.44
2012-08-22,14.75,15.52
2012-08-23,15.0,16.45
2012-08-24,15.18,16.0
2012-08-27,15.75,16.38
2012-08-28,16.01,16.92
2012-08-29,16.5,17.06
2012-08-30,17.44,18.05
2012-08-31,16.56,18.04
2012-09-04,17.85,18.96
2012-09-05,16.99,17.84
2012-09-06,15.6,17.3
2012-09-07,14.33,15.6
2012-09-10,13.97,16.28
2012-09-11,15.46,16.41
2012-09-12,15.43,16.31
2012-09-13,13.91,15.99
2012-09-14,13.51,14.71
2012-09-17,14.38,14.92
2012-09-18,13.97,14.88
2012-09-19,13.61,14.08
2012-09-20,14.07,14.67
2012-09-21,13.69,14.18
2012-09-24,13.87,15.06
2012-09-25,14.03,15.72
2012-09-26,15.83,17.08
2012-09-27,14.83,16.5
2012-09-28,14.95,15.77
2012-10-01,15.13,16.53
2012-10-02,15.7,16.5
2012-10-03,15.13,16.02
2012-10-04,14.53,15.33
2012-10-05,13.67,14.78
2012-10-08,15.04,15.46
2012-10-09,15.18,16.4
2012-10-10,16.13,16.79
2012-10-11,15.31,15.8
2012-10-12,14.96,16.18
2012-10-15,15.23,16.21
2012-10-16,14.5,15.23
2012-10-17,14.9,15.63
2012-10-18,14.68,15.5
2012-10-19,14.9,17.6
2012-10-22,16.62,17.98
2012-10-23,18.17,19.65
2012-10-24,17.93,18.67
2012-10-25,17.3,18.64
2012-10-26,17.52,18.64
2012-10-31,17.56,18.84
2012-11-01,16.45,17.79
2012-11-02,16.05,17.6
2012-11-05,18.13,18.7
2012-11-06,17.19,18.17
2012-11-07,17.62,19.4
2012-11-08,17.96,18.69
2012-11-09,17.67,18.81
2012-11-12,16.45,18.15
2012-11-13,16.12,17.38
2012-11-14,15.93,18.05
2012-11-15,17.62,18.64
2012-11-16,16.41,18.5
2012-11-19,15.1,15.98
2012-11-20,15.06,15.65
2012-11-21,14.77,15.43
2012-11-23,15.0,15.26
2012-11-26,15.47,15.84
2012-11-27,15.01,15.93
2012-11-28,15.47,16.98
2012-11-29,15.02,15.51
2012-11-30,14.89,16.17
2012-12-03,15.76,16.69
2012-12-04,16.38,17.37
2012-12-05,16.27,17.53
2012-12-06,16.31,16.85
2012-12-07,15.73,16.65
2012-12-10,15.96,16.47
2012-12-11,15.42,16.01
2012-12-12,15.41,16.09
2012-12-13,15.71,16.67
2012-12-14,16.61,17.15
2012-12-17,16.21,17.2
2012-12-18,15.46,16.43
2012-12-19,16.04,17.46
2012-12-20,17.11,17.96
2012-12-21,17.76,19.93
2012-12-24,17.84,18.66
2012-12-26,18.61,19.63
2012-12-27,19.11,20.9
2012-12-28,19.94,23.23
2012-12-31,17.88,22.72
2013-01-02,14.6,15.93
2013-01-03,14.24,14.92
2013-01-04,13.64,14.31
2013-01-07,13.71,14.53
2013-01-08,13.62,14.29
2013-01-09,13.22,13.93
2013-01-10,13.33,13.88
2013-01-11,13.22,13.79
2013-01-14,13.41,13.85
2013-01-15,13.33,13.99
2013-01-16,13.2,13.76
2013-01-17,13.16,13.7
2013-01-18,12.29,13.53
2013-01-22,12.43,13.32
2013-01-23,12.3,12.67
2013-01-24,12.4,13.5
2013-01-25,12.5,12.99
2013-01-28,13.29,13.91
2013-01-29,13.04,13.88
2013-01-30,13.6,14.33
2013-01-31,14.04,14.43
2013-02-01,12.72,13.38
2013-02-04,13.8,14.75
2013-02-05,13.39,14.21
2013-02-06,13.34,14.08
2013-02-07,13.43,14.41
2013-02-08,12.89,13.2
2013-02-11,12.91,13.42
2013-02-12,12.63,13.13
2013-02-13,12.67,13.19
2013-02-14,12.64,13.32
2013-02-15,12.24,12.89
2013-02-19,12.08,12.85
2013-02-20,12.32,14.68
2013-02-21,14.67,16.21
2013-02-22,14.16,15.02
2013-02-25,13.57,19.27
2013-02-26,16.75,18.23
2013-02-27,14.42,16.6
2013-02-28,14.16,15.6
2013-03-01,15.14,16.82
2013-03-04,14.01,16.16
2013-03-05,13.24,13.66
2013-03-06,13.17,13.77
2013-03-07,13.03,13.56
2013-03-08,12.49,13.3
2013-03-11,11.5,12.34
2013-03-12,11.74,12.93
2013-03-13,11.79,12.55
2013-03-14,11.05,11.75
2013-03-15,11.21,11.99
2013-03-18,12.57,13.64
2013-03-19,12.92,15.4
2013-03-20,12.3,13.18
2013-03-21,12.62,14.21
2013-03-22,13.19,13.85
2013-03-25,12.39,14.61
2013-03-26,12.69,13.21
2013-03-27,12.97,13.97
2013-03-28,12.54,13.07
2013-04-01,13.26,14.05
2013-04-02,12.76,13.18
2013-04-03,12.62,14.66
2013-04-04,13.89,14.79
2013-04-05,13.86,15.65
2013-04-08,13.19,14.5
2013-04-09,12.75,13.68
2013-04-10,12.32,12.88
2013-04-11,12.15,12.62
2013-04-12,11.99,13.12
2013-04-15,12.66,17.27
2013-04-16,13.91,14.87
2013-04-17,14.98,17.89
2013-04-18,16.32,18.2
2013-04-19,14.87,16.98
2013-04-22,14.04,16.0
2013-04-23,13.46,14.85
2013-04-24,13.36,13.75
2013-04-25,13.13,13.87
2013-04-26,13.49,14.18
2013-04-29,13.36,13.94
2013-04-30,13.51,14.28
2013-05-01,13.87,14.67
2013-05-02,13.58,14.48
2013-05-03,12.77,13.15
2013-05-06,12.66,13.19
2013-05-07,12.49,12.96
2013-05-08,12.62,13.04
2013-05-09,12.78,13.53
2013-05-10,12.54,13.45
2013-05-13,12.49,12.87
2013-05-14,12.54,13.21
2013-05-15,12.78,13.43
2013-05-16,12.79,13.46
2013-05-17,12.26,12.94
2013-05-20,12.84,13.28
2013-05-21,12.89,13.44
2013-05-22,13.05,14.45
2013-05-23,13.87,15.11
2013-05-24,13.99,14.79
2013-05-28,13.56,14.56
2013-05-29,14.59,15.65
2013-05-30,14.27,14.98
2013-05-31,14.36,16.35
2013-06-03,16.14,17.57
2013-06-04,15.82,17.25
2013-06-05,16.57,17.84
2013-06-06,16.6,18.51
2013-06-07,14.96,16.21
2013-06-10,15.1,15.6
2013-06-11,16.0,17.14
2013-06-12,16.43,18.6
2013-06-13,16.37,18.57
2013-06-14,16.03,17.26
2013-06-17,16.32,17.62
2013-06-18,16.46,16.95
2013-06-19,15.36,17.18
2013-06-20,18.01,21.32
2013-06-21,18.25,20.93
2013-06-24,18.57,21.91
2013-06-25,17.82,19.22
2013-06-26,17.07,18.05
2013-06-27,16.34,16.97
2013-06-28,16.19,17.66
2013-07-01,16.0,16.89
2013-07-02,15.88,16.93
2013-07-03,16.2,17.32
2013-07-05,14.89,16.28
2013-07-08,14.66,15.27
2013-07-09,14.26,14.65
2013-07-10,14.09,14.62
2013-07-11,13.57,14.2
2013-07-12,13.74,14.04
2013-07-15,13.5,14.11
2013-07-16,13.78,14.56
2013-07-17,13.76,14.44
2013-07-18,13.2,13.8
2013-07-19,12.54,13.97
2013-07-22,12.29,13.37
2013-07-23,12.07,13.06
2013-07-24,12.69,13.49
2013-07-25,12.91,13.54
2013-07-26,12.71,13.73
2013-07-29,13.38,13.86
2013-07-30,13.35,14.14
2013-07-31,12.94,13.83
2013-08-01,12.82,13.25
2013-08-02,11.98,12.74
2013-08-05,11.83,12.42
2013-08-06,12.06,12.93
2013-08-07,12.96,13.91
2013-08-08,12.37,13.13
2013-08-09,12.71,13.66
2013-08-12,12.8,13.57
2013-08-13,12.29,13.37
2013-08-14,12.35,13.09
2013-08-15,13.91,14.85
2013-08-16,13.62,14.88
2013-08-19,14.35,15.2
2013-08-20,14.29,15.25
2013-08-21,14.67,16.55
2013-08-22,14.66,15.26
2013-08-23,13.98,14.82
2013-08-26,13.9,15.01
2013-08-27,15.82,17.13
2013-08-28,16.1,17.11
2013-08-29,15.99,16.98
2013-08-30,16.7,17.8
2013-09-03,16.11,17.37
2013-09-04,15.77,17.01
2013-09-05,15.63,16.12
2013-09-06,15.17,16.8
2013-09-09,15.22,16.02
2013-09-10,14.5,15.09
2013-09-11,13.82,14.74
2013-09-12,13.73,14.39
2013-09-13,14.11,14.55
2013-09-16,13.87,14.49
2013-09-17,14.28,14.61
2013-09-18,13.23,14.68
2013-09-19,13.02,13.39
2013-09-20,12.52,13.47
2013-09-23,14.02,14.71
2013-09-24,13.75,14.37
2013-09-25,13.89,14.62
2013-09-26,13.58,14.4
2013-09-27,14.62,15.79
2013-09-30,16.16,17.48
2013-10-01,15.47,16.46
2013-10-02,16.13,16.8
2013-10-03,16.63,18.71
2013-10-04,16.66,17.87
2013-10-07,18.07,19.41
2013-10-08,18.98,21.01
2013-10-09,19.04,21.34
2013-10-10,16.29,17.92
2013-10-11,15.46,16.38
2013-10-14,15.8,17.73
2013-10-15,16.16,18.63
2013-10-16,14.67,17.14
2013-10-17,12.89,14.59
2013-10-18,12.34,13.53
2013-10-21,13.07,13.63
2013-10-22,12.93,13.92
2013-10-23,13.42,14.21
2013-10-24,13.15,13.62
2013-10-25,13.08,13.44
2013-10-28,13.22,13.72
2013-10-29,13.06,13.63
2013-10-30,13.64,21.26
2013-10-31,13.28,14.02
2013-11-01,13.22,13.92
2013-11-04,12.91,13.67
2013-11-05,12.86,13.64
2013-11-06,12.67,13.33
2013-11-07,12.93,14.14
2013-11-08,12.84,13.8
2013-11-11,12.4,12.93
2013-11-12,12.63,13.06
2013-11-13,12.46,13.35
2013-11-14,12.28,12.94
2013-11-15,11.99,12.45
2013-11-18,12.41,13.22
2013-11-19,12.88,13.68
2013-11-20,12.97,13.94
2013-11-21,12.44,13.09
2013-11-22,12.24,12.91
2013-11-25,12.49,12.92
2013-11-26,12.49,12.99
2013-11-27,12.44,12.98
2013-11-29,12.93,13.78
2013-12-02,13.78,14.31
2013-12-03,14.43,15.04
2013-12-04,14.22,15.71
2013-12-05,14.7,15.38
2013-12-06,13.62,14.09
2013-12-09,13.49,14.07
2013-12-10,13.69,14.22
2013-12-11,13.98,15.43
2013-12-12,15.21,16.09
2013-12-13,15.06,15.8
2013-12-16,15.3,16.07
2013-12-17,15.81,16.67
2013-12-18,13.74,16.72
2013-12-19,12.89,14.21
2013-12-20,13.12,13.87
2013-12-23,13.02,13.53
2013-12-24,12.48,12.89
2013-12-26,11.69,12.5
2013-12-27,12.2,12.59
2013-12-30,12.83,13.58
2013-12-31,13.38,14.35
2014-01-02,14.0,14.59
2014-01-03,13.57,14.22
2014-01-06,13.22,14.0
2014-01-07,12.16,13.28
2014-01-08,12.86,13.24
2014-01-09,12.83,13.26
2014-01-10,12.14,12.9
2014-01-13,11.82,13.65
2014-01-14,11.96,12.9
2014-01-15,11.81,12.4
2014-01-16,12.28,12.66
2014-01-17,12.04,12.93
2014-01-21,12.61,13.42
2014-01-22,12.55,13.12
2014-01-23,13.67,14.66
2014-01-24,14.92,18.14
2014-01-27,16.85,18.98
2014-01-28,15.8,17.28
2014-01-29,16.71,18.04
2014-01-30,15.96,17.39
2014-01-31,17.27,18.98
2014-02-03,18.34,21.48
2014-02-04,18.44,20.07
2014-02-05,19.13,20.72
2014-02-06,17.09,19.09
2014-02-07,15.09,16.3
2014-02-10,15.1,15.76
2014-02-11,14.08,15.29
2014-02-12,14.02,14.64
2014-02-13,13.98,15.24
2014-02-14,13.44,14.22
2014-02-18,13.77,14.51
2014-02-19,14.12,15.73
2014-02-20,14.59,15.8
2014-02-21,14.19,14.79
2014-02-24,13.97,14.83
2014-02-25,13.66,14.83
2014-02-26,13.73,14.54
2014-02-27,13.92,14.69
2014-02-28,13.49,14.79
2014-03-03,15.56,16.78
2014-03-04,14.0,14.54
2014-03-05,13.81,14.32
2014-03-06,13.73,14.42
2014-03-07,13.51,14.43
2014-03-10,14.2,15.28
2014-03-11,13.84,14.93
2014-03-12,14.43,15.64
2014-03-13,14.24,16.66
2014-03-14,16.09,18.22
2014-03-17,15.37,16.39
2014-03-18,14.16,15.47
2014-03-19,13.89,15.76
2014-03-20,14.5,15.62
2014-03-21,13.77,15.17
2014-03-24,14.56,16.07
2014-03-25,13.96,15.05
2014-03-26,13.46,15.28
2014-03-27,14.49,15.63
2014-03-28,13.73,14.86
2014-03-31,13.57,14.16
2014-04-01,13.06,13.56
2014-04-02,12.92,13.35
2014-04-03,13.02,13.7
2014-04-04,12.6,14.55
2014-04-07,14.57,16.01
2014-04-08,14.81,16.2
2014-04-09,13.7,14.94
2014-04-10,13.81,16.38
2014-04-11,15.89,17.85
2014-04-14,16.1,17.39
2014-04-15,15.47,17.5
2014-04-16,14.05,15.27
2014-04-17,13.07,14.17
2014-04-21,13.17,14.11
2014-04-22,12.9,13.26
2014-04-23,13.27,13.75
2014-04-24,13.09,14.08
2014-04-25,13.91,14.67
2014-04-28,13.82,15.28
2014-04-29,13.61,14.24
2014-04-30,13.34,14.18
2014-05-01,13.1,13.75
2014-05-02,12.83,13.48
2014-05-05,13.08,14.2
2014-05-06,13.28,13.9
2014-05-07,13.39,14.43
2014-05-08,12.92,13.88
2014-05-09,12.87,13.98
2014-05-12,11.88,12.58
2014-05-13,12.05,12.74
2014-05-14,12.03,12.51
2014-05-15,12.72,13.77
2014-05-16,12.26,13.66
2014-05-19,12.28,13.21
2014-05-20,12.32,13.3
2014-05-21,11.8,12.46
2014-05-22,11.68,12.09
2014-05-23,11.36,11.97
2014-05-27,11.5,11.84
2014-05-28,11.5,11.86
2014-05-29,11.41,11.82
2014-05-30,11.32,11.7
2014-06-02,11.29,12.17
2014-06-03,11.72,12.13
2014-06-04,11.91,12.33
2014-06-05,11.44,12.34
2014-06-06,10.73,11.39
2014-06-09,10.99,11.51
2014-06-10,10.93,11.66
2014-06-11,11.19,11.87
2014-06-12,11.71,12.81
2014-06-13,11.89,12.69
2014-06-16,12.28,12.87
2014-06-17,12.06,12.89
2014-06-18,10.57,11.91
2014-06-19,10.42,10.82
2014-06-20,10.34,11.02
2014-06-23,10.92,11.35
2014-06-24,10.87,12.27
2014-06-25,11.37,12.33
2014-06-26,11.5,12.51
2014-06-27,11.19,12.04
2014-06-30,11.3,11.81
2014-07-01,10.92,11.42
2014-07-02,10.56,11.18
2014-07-03,10.28,10.76
2014-07-07,11.01,11.54
2014-07-08,11.72,12.51
2014-07-09,11.5,12.05
2014-07-10,12.05,13.23
2014-07-11,12.07,12.68
2014-07-14,11.4,11.83
2014-07-15,11.46,12.47
2014-07-16,10.59,11.45
2014-07-17,10.85,15.38
2014-07-18,12.04,13.55
2014-07-21,12.46,13.62
2014-07-22,11.69,12.24
2014-07-23,11.41,12.16
2014-07-24,11.43,12.06
2014-07-25,12.03,12.75
2014-07-28,12.54,13.64
2014-07-29,12.12,13.35
2014-07-30,12.53,14.07
2014-07-31,14.26,17.11
2014-08-01,15.55,17.57
2014-08-04,14.69,16.8
2014-08-05,15.1,17.14
2014-08-06,15.7,17.3
2014-08-07,15.44,17.25
2014-08-08,15.53,17.09
2014-08-11,13.72,15.16
2014-08-12,13.76,14.74
2014-08-13,12.84,13.93
2014-08-14,12.42,13.13
2014-08-15,11.89,14.94
2014-08-18,12.26,12.85
2014-08-19,11.91,12.46
2014-08-20,11.6,12.24
2014-08-21,11.52,13.51
2014-08-22,11.47,12.48
2014-08-25,11.24,11.77
2014-08-26,11.33,11.93
2014-08-27,11.54,11.93
2014-08-28,12.05,12.73
2014-08-29,11.78,12.44
2014-09-02,12.23,13.41
2014-09-03,11.91,12.55
2014-09-04,11.7,12.99
2014-09-05,11.96,13.18
2014-09-08,12.4,13.09
2014-09-09,12.7,13.91
2014-09-10,12.86,14.05
2014-09-11,12.66,13.67
2014-09-12,12.85,14.27
2014-09-15,13.54,14.19
2014-09-16,12.72,14.49
2014-09-17,11.73,13.56
2014-09-18,11.98,12.57
2014-09-19,11.52,12.61
2014-09-22,13.13,13.98
2014-09-23,13.83,14.94
2014-09-24,13.24,14.93
2014-09-25,14.03,16.69
2014-09-26,14.31,15.98
2014-09-29,15.45,17.07
2014-09-30,15.18,16.43
2014-10-01,16.07,17.55
2014-10-02,15.9,17.89
2014-10-03,14.44,15.43
2014-10-06,14.05,15.77
2014-10-07,15.97,17.46
2014-10-08,14.97,18.03
2014-10-09,15.35,19.38
2014-10-10,18.14,21.43
2014-10-13,20.52,24.64
2014-10-14,21.48,24.55
2014-10-15,24.65,31.03
2014-10-16,24.61,29.41
2014-10-17,20.23,23.08
2014-10-20,18.51,22.16
2014-10-21,16.03,17.75
2014-10-22,15.59,18.43
2014-10-23,15.68,17.05
2014-10-24,16.09,18.05
2014-10-27,16.0,17.87
2014-10-28,14.39,15.78
2014-10-29,14.19,16.28
2014-10-30,14.07,15.75
2014-10-31,13.72,14.83
2014-11-03,14.23,14.99
2014-11-04,14.83,15.93
2014-11-05,14.15,14.99
2014-11-06,13.67,14.96
2014-11-07,13.01,14.13
2014-11-10,12.38,13.25
2014-11-11,12.6,13.18
2014-11-12,12.99,13.76
2014-11-13,12.87,14.31
2014-11-14,13.31,14.15
2014-11-17,13.84,14.73
2014-11-18,13.13,13.99
2014-11-19,13.84,14.78
2014-11-20,13.58,15.74
2014-11-21,12.9,13.8
2014-11-24,12.43,13.02
2014-11-25,12.23,13.02
2014-11-26,11.91,12.4
2014-11-28,12.36,13.49
2014-12-01,13.94,14.75
2014-12-02,12.85,14.17
2014-12-03,12.21,12.88
2014-12-04,12.12,13.23
2014-12-05,11.53,12.25
2014-12-08,12.55,14.62
2014-12-09,14.84,16.63
2014-12-10,15.49,18.92
2014-12-11,15.95,20.13
2014-12-12,18.34,22.64
2014-12-15,17.77,24.75
2014-12-16,19.64,24.83
2014-12-17,19.26,24.61
2014-12-18,16.07,18.26
2014-12-19,16.11,17.2
2014-12-22,15.03,16.88
2014-12-23,14.32,15.21
2014-12-24,14.01,14.54
2014-12-26,14.13,14.84
2014-12-29,15.06,16.14
2014-12-30,15.48,16.2
2014-12-31,15.86,19.91
2015-01-02,17.05,20.14
2015-01-05,19.19,21.29
2015-01-06,19.52,22.9
2015-01-07,19.04,20.72
2015-01-08,16.98,18.09
2015-01-09,16.44,18.42
2015-01-12,18.02,20.44
2015-01-13,17.64,21.58
2015-01-14,21.32,23.34
2015-01-15,20.86,23.31
2015-01-16,20.95,23.43
2015-01-20,19.57,21.37
2015-01-21,18.64,21.28
2015-01-22,16.07,19.23
2015-01-23,15.81,17.09
2015-01-26,15.52,17.43
2015-01-27,16.67,18.41
2015-01-28,16.92,20.44
2015-01-29,18.66,21.56
2015-01-30,19.23,22.18
2015-02-02,19.35,22.72
2015-02-03,17.2,18.89
2015-02-04,16.82,18.38
2015-02-05,16.67,17.43
2015-02-06,16.05,18.73
2015-02-09,18.21,19.28
2015-02-10,16.97,18.36
2015-02-11,16.82,17.8
2015-02-12,15.28,16.47
2015-02-13,14.69,15.64
2015-02-17,15.53,16.32
2015-02-18,15.44,16.73
2015-02-19,15.1,16.22
2015-02-20,14.27,16.29
2015-02-23,14.49,15.48
2015-02-24,13.53,14.63
2015-02-25,12.86,14.06
2015-02-26,13.55,14.57
2015-02-27,13.29,14.17
2015-03-02,12.87,13.9
2015-03-03,13.25,14.69
2015-03-04,14.13,15.33
2015-03-05,13.88,14.58
2015-03-06,14.21,15.83
2015-03-09,14.71,15.76
2015-03-10,16.03,16.91
2015-03-11,16.29,17.19
2015-03-12,15.3,16.45
2015-03-13,15.32,16.73
2015-03-16,15.36,15.89
2015-03-17,15.66,16.37
2015-03-18,13.38,16.29
2015-03-19,13.84,14.97
2015-03-20,12.54,13.53
2015-03-23,12.89,13.53
2015-03-24,12.59,13.68
2015-03-25,13.2,15.55
2015-03-26,15.23,17.19
2015-03-27,14.19,15.83
2015-03-30,14.08,14.76
2015-03-31,14.33,15.74
2015-04-01,15.08,16.66
2015-04-02,14.27,15.51
2015-04-06,14.04,15.76
2015-04-07,14.01,14.81
2015-04-08,13.75,14.77
2015-04-09,13.09,14.59
2015-04-10,12.51,13.26
2015-04-13,12.71,14.31
2015-04-14,13.64,14.74
2015-04-15,12.83,13.58
2015-04-16,12.5,13.35
2015-04-17,13.73,15.02
2015-04-20,12.83,13.67
2015-04-21,12.66,13.51
2015-04-22,12.57,13.8
2015-04-23,12.12,12.96
2015-04-24,12.16,13.02
2015-04-27,12.33,13.4
2015-04-28,12.41,14.23
2015-04-29,12.61,14.34
2015-04-30,12.49,15.29
2015-05-01,12.68,13.98
2015-05-04,12.1,13.18
2015-05-05,12.97,14.41
2015-05-06,13.89,16.36
2015-05-07,14.81,15.97
2015-05-08,12.7,13.42
2015-05-11,13.0,13.85
2015-05-12,13.73,15.13
2015-05-13,13.06,14.04
2015-05-14,12.72,13.29
2015-05-15,12.35,13.09
2015-05-18,12.55,13.22
2015-05-19,12.55,13.13
2015-05-20,12.62,13.27
2015-05-21,12.09,13.09
2015-05-22,11.82,12.37
2015-05-26,13.34,14.63
2015-05-27,13.05,14.41
2015-05-28,13.31,13.99
2015-05-29,13.4,14.43
2015-06-01,13.47,14.86
2015-06-02,13.59,15.05
2015-06-03,13.4,14.2
2015-06-04,13.99,15.49
2015-06-05,14.21,15.65
2015-06-08,14.67,15.5
2015-06-09,14.47,15.74
2015-06-10,12.96,14.37
2015-06-11,12.56,13.22
2015-06-12,13.3,14.02
2015-06-15,14.91,15.57
2015-06-16,14.81,15.62
2015-06-17,14.07,15.49
2015-06-18,12.54,14.03
2015-06-19,12.96,14.0
2015-06-22,12.43,13.46
2015-06-23,11.93,12.68
2015-06-24,12.01,13.33
2015-06-25,12.92,14.16
2015-06-26,13.64,14.91
2015-06-29,15.82,19.5
2015-06-30,17.48,19.8
2015-07-01,15.65,17.26
2015-07-02,15.39,17.48
2015-07-06,16.57,18.95
2015-07-07,15.93,19.2
2015-07-08,16.94,19.76
2015-07-09,17.2,20.05
2015-07-10,16.6,18.17
2015-07-13,13.82,15.36
2015-07-14,12.9,13.95
2015-07-15,12.81,13.97
2015-07-16,11.87,12.61
2015-07-17,11.77,12.22
2015-07-20,11.71,12.37
2015-07-21,12.21,12.79
2015-07-22,12.05,12.83
2015-07-23,11.73,13.08
2015-07-24,12.86,14.73
2015-07-27,15.03,16.27
2015-07-28,13.32,15.62
2015-07-29,11.85,13.59
2015-07-30,12.09,13.42
2015-07-31,11.82,12.63
2015-08-03,12.32,13.55
2015-08-04,12.29,13.22
2015-08-05,10.88,12.72
2015-08-06,12.16,14.25
2015-08-07,13.29,14.58
2015-08-10,12.18,12.78
2015-08-11,13.02,14.33
2015-08-12,13.45,16.28
2015-08-13,13.06,14.33
2015-08-14,12.8,13.87
2015-08-17,13.01,14.52
2015-08-18,13.17,13.94
2015-08-19,13.73,15.96
2015-08-20,16.13,19.23
2015-08-21,20.8,28.38
2015-08-24,28.03,53.29
2015-08-25,28.08,38.06
2015-08-26,28.67,35.61
2015-08-27,24.49,29.9
2015-08-28,25.77,29.2
2015-08-31,26.63,29.37
2015-09-01,29.91,33.82
2015-09-02,24.77,30.45
2015-09-03,23.45,26.31
2015-09-04,25.68,29.47
2015-09-08,24.13,26.25
2015-09-09,21.51,26.82
2015-09-10,24.24,27.22
2015-09-11,23.15,25.81
2015-09-14,23.64,25.32
2015-09-15,22.13,23.77
2015-09-16,21.09,22.94
2015-09-17,17.87,23.33
2015-09-18,20.98,23.99
2015-09-21,20.05,22.48
2015-09-22,22.25,26.29
2015-09-23,21.14,23.2
2015-09-24,21.81,25.3
2015-09-25,20.81,24.29
2015-09-28,24.94,28.33
2015-09-29,25.76,28.2
2015-09-30,23.25,25.88
2015-10-01,22.55,25.23
2015-10-02,20.35,24.42
2015-10-05,19.14,20.42
2015-10-06,18.82,20.32
2015-10-07,18.32,19.73
2015-10-08,16.34,19.02
2015-10-09,16.89,18.2
2015-10-12,16.14,17.8
2015-10-13,16.14,17.7
2015-10-14,17.3,18.78
2015-10-15,16.04,17.85
2015-10-16,15.05,16.86
2015-10-19,14.82,16.23
2015-10-20,14.72,16.34
2015-10-21,14.41,16.7
2015-10-22,14.45,15.92
2015-10-23,13.24,15.12
2015-10-26,14.68,15.43
2015-10-27,14.78,15.99
2015-10-28,12.8,15.72
2015-10-29,14.33,15.46
2015-10-30,14.0,15.39
2015-11-02,13.67,15.51
2015-11-03,13.81,14.73
2015-11-04,13.96,15.88
2015-11-05,15.0,16.39
2015-11-06,14.32,16.0
2015-11-09,15.14,17.09
2015-11-10,15.24,16.96
2015-11-11,15.02,16.14
2015-11-12,16.64,18.5
2015-11-13,18.2,20.67
2015-11-16,17.25,20.55
2015-11-17,16.86,19.59
2015-11-18,16.8,19.45
2015-11-19,16.0,18.26
2015-11-20,15.47,16.38
2015-11-23,15.38,16.73
2015-11-24,15.48,17.21
2015-11-25,15.05,15.89
2015-11-27,15.12,16.09
2015-11-30,15.52,16.57
2015-12-01,14.63,16.34
2015-12-02,14.71,16.48
2015-12-03,15.86,19.35
2015-12-04,14.69,17.64
2015-12-07,15.58,17.18
2015-12-08,16.52,18.32
2015-12-09,15.72,20.13
2015-12-10,18.13,19.72
2015-12-11,20.88,25.27
2015-12-14,21.47,26.81
2015-12-15,20.02,21.62
2015-12-16,17.12,20.23
2015-12-17,16.13,19.05
2015-12-18,18.75,23.3
2015-12-21,18.7,20.21
2015-12-22,16.6,18.22
2015-12-23,15.33,16.25
2015-12-24,14.45,15.88
2015-12-28,16.88,18.13
2015-12-29,15.63,16.48
2015-12-30,16.5,17.42
2015-12-31,17.51,20.39
2016-01-04,20.67,23.36
2016-01-05,19.25,21.06
2016-01-06,19.8,21.86
2016-01-07,22.4,25.86
2016-01-08,22.48,27.08
2016-01-11,23.83,27.39
2016-01-12,21.91,23.93
2016-01-13,21.48,26.11
2016-01-14,23.07,26.28
2016-01-15,26.67,30.95
2016-01-19,25.21,27.59
2016-01-20,26.59,32.09
2016-01-21,25.01,28.43
2016-01-22,22.22,24.55
2016-01-25,22.38,24.31
2016-01-26,22.33,24.02
2016-01-27,20.42,27.22
2016-01-28,21.9,23.72
2016-01-29,19.5,21.74
2016-02-01,19.61,23.66
2016-02-02,21.06,22.42
2016-02-03,21.42,24.99
2016-02-04,21.24,23.14
2016-02-05,21.91,24.11
2016-02-08,25.56,27.72
2016-02-09,25.99,28.31
2016-02-10,24.47,26.6
2016-02-11,26.67,30.9
2016-02-12,24.92,27.57
2016-02-16,23.37,25.49
2016-02-17,21.83,24.16
2016-02-18,21.29,22.53
2016-02-19,20.52,23.44
2016-02-22,19.02,20.35
2016-02-23,19.54,21.16
2016-02-24,20.26,22.87
2016-02-25,19.1,21.26
2016-02-26,18.46,20.13
2016-02-29,18.38,20.81
2016-03-01,17.66,20.17
2016-03-02,16.78,18.41
2016-03-03,16.32,17.55
2016-03-04,16.05,17.35
2016-03-07,16.87,18.04
2016-03-08,17.82,18.89
2016-03-09,18.3,19.11
2016-03-10,17.13,19.59
2016-03-11,16.28,17.27
2016-03-14,16.69,17.67
2016-03-15,16.84,17.85
2016-03-16,14.89,16.32
2016-03-17,13.82,15.38
2016-03-18,13.75,14.36
2016-03-21,13.79,14.73
2016-03-22,13.75,14.76
2016-03-23,14.33,15.03
2016-03-24,14.71,16.44
2016-03-28,14.89,16.04
2016-03-29,13.79,15.89
2016-03-30,13.06,13.89
2016-03-31,13.49,14.28
2016-04-01,13.0,15.28
2016-04-04,13.66,14.24
2016-04-05,14.93,15.72
2016-04-06,14.0,15.98
2016-04-07,14.68,16.77
2016-04-08,14.84,15.93
2016-04-11,14.83,16.26
2016-04-12,14.84,16.57
2016-04-13,13.6,14.53
2016-04-14,13.38,14.12
2016-04-15,13.58,14.19
2016-04-18,13.23,14.94
2016-04-19,12.98,13.88
2016-04-20,12.5,13.5
2016-04-21,13.16,14.14
2016-04-22,13.15,14.19
2016-04-25,13.86,14.76
2016-04-26,13.66,14.43
2016-04-27,13.5,14.95
2016-04-28,13.3,15.61
2016-04-29,14.91,17.09
2016-05-02,14.48,16.5
2016-05-03,14.91,16.42
2016-05-04,15.39,16.85
2016-05-05,15.22,16.45
2016-05-06,14.71,16.57
2016-05-09,14.17,15.39
2016-05-10,13.55,14.35
2016-05-11,13.29,14.69
2016-05-12,13.95,15.42
2016-05-13,13.97,15.47
2016-05-16,14.28,15.98
2016-05-17,14.48,16.12
2016-05-18,14.86,16.47
2016-05-19,16.28,17.64
2016-05-20,15.11,16.3
2016-05-23,15.4,16.47
2016-05-24,14.36,16.05
2016-05-25,13.64,14.33
2016-05-26,13.43,14.11
2016-05-27,13.04,13.76
2016-05-31,13.45,15.0
2016-06-01,14.18,15.25
2016-06-02,13.62,14.92
2016-06-03,12.9,14.66
2016-06-06,13.42,14.27
2016-06-07,12.72,14.05
2016-06-08,13.7,14.27
2016-06-09,13.99,14.85
2016-06-10,14.85,17.32
2016-06-13,17.89,21.01
2016-06-14,20.27,22.16
2016-06-15,18.63,20.45
2016-06-16,19.23,22.89
2016-06-17,18.71,20.03
2016-06-20,16.59,18.55
2016-06-21,16.91,18.96
2016-06-22,17.82,21.22
2016-06-23,17.25,19.79
2016-06-24,19.48,26.24
2016-06-27,22.93,26.72
2016-06-28,18.75,22.07
2016-06-29,16.48,18.27
2016-06-30,15.29,16.98
2016-07-01,14.61,15.86
2016-07-05,15.49,16.62
2016-07-06,14.96,17.04
2016-07-07,14.33,15.98
2016-07-08,13.19,14.75
2016-07-11,13.0,13.67
2016-07-12,12.75,13.93
2016-07-13,12.92,13.79
2016-07-14,12.14,13.37
2016-07-15,12.27,13.22
2016-07-18,12.33,13.12
2016-07-19,11.94,12.83
2016-07-20,11.4,11.97
2016-07-21,11.69,13.06
2016-07-22,11.97,12.88
2016-07-25,12.39,13.72
2016-07-26,12.8,13.5
2016-07-27,12.5,13.74
2016-07-28,12.36,13.52
2016-07-29,11.77,12.9
2016-08-01,11.86,12.98
2016-08-02,12.35,14.24
2016-08-03,12.73,13.91
2016-08-04,11.79,12.98
2016-08-05,11.18,12.26
2016-08-08,11.41,11.78
2016-08-09,11.02,11.92
2016-08-10,11.37,12.5
2016-08-11,11.38,12.11
2016-08-12,11.28,12.0
2016-08-15,11.58,12.17
2016-08-16,11.87,12.78
2016-08-17,12.14,13.71
2016-08-18,11.42,12.53
2016-08-19,11.33,12.28
2016-08-22,11.94,13.02
2016-08-23,11.72,12.44
2016-08-24,12.3,14.01
2016-08-25,13.29,14.09
2016-08-26,12.31,14.93
2016-08-29,12.9,14.43
2016-08-30,12.7,13.6
2016-08-31,12.97,14.34
2016-09-01,12.99,14.61
2016-09-02,11.9,13.9
2016-09-06,11.85,12.93
2016-09-07,11.77,12.45
2016-09-08,11.65,12.6
2016-09-09,12.52,17.54
2016-09-12,14.76,20.51
2016-09-13,15.83,18.97
2016-09-14,16.34,18.14
2016-09-15,15.74,18.07
2016-09-16,15.28,17.1
2016-09-19,14.6,15.96
2016-09-20,14.69,16.09
2016-09-21,12.98,15.65
2016-09-22,11.76,13.39
2016-09-23,11.93,12.58
2016-09-26,13.26,14.63
2016-09-27,12.97,14.76
2016-09-28,12.24,13.57
2016-09-29,12.14,15.69
2016-09-30,12.53,15.2
2016-10-03,13.42,14.42
2016-10-04,12.92,14.57
2016-10-05,12.7,13.68
2016-10-06,12.8,13.84
2016-10-07,12.21,14.15
2016-10-10,13.29,14.36
2016-10-11,13.69,16.47
2016-10-12,15.26,16.34
2016-10-13,16.14,17.95
2016-10-14,15.25,16.5
2016-10-20,13.74,14.72
2016-10-21,13.27,14.53
2016-10-24,12.83,13.26
2016-10-25,12.73,13.86
2016-10-26,13.66,14.8
2016-10-27,13.6,15.43
2016-10-28,14.65,17.35
2016-10-31,16.25,17.63
2016-11-01,16.51,20.43
2016-11-02,18.56,19.82
2016-11-03,18.84,22.57
2016-11-04,19.2,23.01
2016-11-07,18.39,19.86
2016-11-08,17.7,19.91
2016-11-09,14.33,21.48
2016-11-10,13.26,16.27
2016-11-11,14.15,16.0
2016-11-14,14.39,15.56
2016-11-15,13.3,14.65
2016-11-16,13.51,14.49
2016-11-17,12.97,13.55
2016-11-18,12.85,13.74
2016-11-21,12.16,13.44
2016-11-22,12.2,12.83
2016-11-23,12.19,13.01
2016-11-25,12.31,12.74
2016-11-28,12.74,13.5
2016-11-29,12.62,13.55
2016-11-30,12.23,13.42
2016-12-01,13.05,14.72
2016-12-02,12.39,14.48
2016-12-05,12.14,13.77
2016-12-06,11.54,12.3
2016-12-07,11.33,12.24
2016-12-08,11.3,13.4
2016-12-09,11.67,12.72
2016-12-12,12.07,12.78
2016-12-13,12.34,13.42
2016-12-14,12.48,13.39
2016-12-15,12.46,13.24
2016-12-16,12.15,12.95
2016-12-19,11.67,12.52
2016-12-20,11.38,11.75
2016-12-21,10.93,11.49
2016-12-22,11.14,11.67
2016-12-23,11.35,11.81
2016-12-27,11.84,12.33
2016-12-28,11.85,13.04
2016-12-29,12.95,13.71
2016-12-30,13.05,14.68
